Time,Open,High,Low,Close,Volume
03/19/2020,157.786,157.786,157.786,157.786,0
03/18/2020,148.17,148.17,148.17,148.17,0
03/17/2020,155.352,155.352,155.352,155.352,0
03/16/2020,157.427,157.427,157.427,157.427,0
03/12/2020,169.158,169.158,169.158,169.158,0
03/11/2020,173.98,173.98,173.98,173.98,0
03/10/2020,185.572,185.771,185.572,185.572,0
03/09/2020,174.108,174.108,173.635,174.108,0
03/06/2020,226.58,226.58,226.58,226.58,0
03/05/2020,247.714,247.714,247.714,247.714,0
03/04/2020,249.269,249.269,249.269,249.269,0
03/03/2020,244.839,244.839,244.839,244.839,0
03/02/2020,248.535,248.535,248.535,248.535,0
02/28/2020,242.629,242.629,242.629,242.629,0
02/27/2020,249.618,249.618,249.618,249.618,0
02/26/2020,250.225,250.225,250.225,250.225,0
02/25/2020,256.347,256.347,256.347,256.347,0
02/24/2020,269.642,269.642,269.642,269.642,0
02/20/2020,279.806,279.806,279.806,279.806,0
02/19/2020,277.704,277.704,277.704,277.704,15
02/18/2020,269.513,269.513,269.513,269.513,15
02/14/2020,273.628,273.628,273.628,273.628,15
02/13/2020,267.873,267.873,267.873,267.873,15
02/12/2020,265.237,265.237,265.237,265.237,20
02/11/2020,250.992,250.992,250.992,250.992,6
02/10/2020,243.897,243.897,243.897,243.897,6
02/07/2020,247.394,247.394,247.394,247.394,5
02/06/2020,251.098,251.098,251.098,251.098,35
02/05/2020,251.098,251.098,251.098,251.098,5
02/04/2020,248.278,248.278,248.278,248.278,11
02/03/2020,239.137,239.137,239.137,239.137,25
01/31/2020,245.187,245.187,245.187,245.187,0
01/30/2020,250.881,250.881,250.881,250.881,55
01/29/2020,259.538,259.538,259.538,259.538,55
01/28/2020,253.694,253.694,253.694,253.694,0
01/27/2020,249.718,249.718,249.718,249.718,0
01/24/2020,260.406,260.406,260.406,260.406,0
01/23/2020,273.834,273.834,273.834,273.834,0
01/22/2020,272.266,272.266,272.266,272.266,5
01/21/2020,268.991,268.991,268.991,268.991,5
01/17/2020,271.265,271.265,271.265,271.265,0
01/16/2020,267.829,267.829,267.829,267.829,0
01/15/2020,255.446,255.446,255.446,255.446,0
01/14/2020,258.604,258.604,258.604,258.604,0
01/13/2020,263.436,263.436,263.436,263.436,0
01/10/2020,271.56,271.56,271.56,271.56,10
01/09/2020,268.735,268.735,268.735,268.735,0
01/08/2020,261.898,261.898,261.898,261.898,0
01/07/2020,264.247,264.247,264.247,264.247,0
01/06/2020,265.699,265.699,265.699,265.699,0
01/03/2020,256.969,256.969,256.969,256.969,25
01/02/2020,246.588,246.588,246.588,246.588,0
12/31/2019,245.175,245.175,245.175,245.175,0
12/30/2019,249.8,249.8,249.8,249.8,0
12/27/2019,248.025,248.025,248.025,248.025,0
12/26/2019,244.5,244.5,244.5,244.5,0
12/24/2019,244.975,244.975,244.975,244.975,0
12/23/2019,242.775,242.775,242.775,242.775,0
12/20/2019,249,249,249,249,0
12/19/2019,248.075,248.075,248.075,248.075,0
12/18/2019,242.825,242.825,242.825,242.825,0
12/17/2019,241.15,241.15,241.15,241.15,0
12/16/2019,233.621,233.621,233.621,233.621,0
12/13/2019,233.749,233.749,233.749,233.749,0
12/12/2019,228.417,228.417,228.417,228.417,1
12/11/2019,226.22,226.22,226.22,226.22,1
12/10/2019,234.9,234.9,234.9,234.9,16
12/09/2019,223.941,223.941,223.941,223.941,0
12/06/2019,223.596,223.596,223.596,223.596,0
12/05/2019,212.013,212.013,212.013,212.013,8
12/04/2019,207.053,207.053,207.053,207.053,8
12/03/2019,198.268,198.268,198.268,198.268,2
12/02/2019,193.725,193.725,193.725,193.725,16
11/29/2019,185.131,185.131,185.131,185.131,8
11/27/2019,208.121,208.121,208.121,208.121,8
11/26/2019,211.974,211.974,211.974,211.974,8
11/25/2019,209.478,209.478,209.478,209.478,0
11/22/2019,209.845,209.845,209.845,209.845,24
11/21/2019,214.427,214.427,214.427,214.427,24
11/20/2019,201.951,201.951,201.951,201.951,8
11/19/2019,193.213,193.213,193.213,193.213,0
11/18/2019,202.616,202.616,202.616,202.616,0
11/15/2019,211.95,211.95,211.95,211.95,16
11/14/2019,203.15,203.15,203.15,203.15,8
11/13/2019,204.078,204.078,204.078,204.078,0
11/12/2019,207.064,207.064,207.064,207.064,0
11/11/2019,208.388,208.388,208.388,208.388,0
11/08/2019,212.748,212.748,212.748,212.748,0
11/07/2019,211.691,211.691,211.691,211.691,0
11/06/2019,208.56,208.56,208.56,208.56,0
11/05/2019,216.423,216.423,216.423,216.423,0
11/04/2019,215.138,215.138,215.138,215.138,0
11/01/2019,216.628,216.628,216.628,216.628,0
10/31/2019,203.711,203.711,203.711,203.711,0
10/30/2019,203.567,203.567,203.567,203.567,0
10/29/2019,207.965,207.965,207.965,207.965,0
10/28/2019,208.449,208.449,208.449,208.449,0
10/25/2019,215.293,215.293,215.293,215.293,8
10/24/2019,212.931,212.931,212.931,212.931,8
10/23/2019,209.567,209.567,209.567,209.567,0
10/22/2019,196.783,196.783,196.783,196.783,0
10/21/2019,191.275,191.275,191.275,191.275,0
10/18/2019,193.675,193.675,193.675,193.675,0
10/17/2019,199.247,199.247,199.247,199.247,0
10/16/2019,200.52,200.52,200.52,200.52,0
10/15/2019,197.734,197.734,197.734,197.734,0
10/14/2019,200.559,200.559,200.559,200.559,0
10/11/2019,209.083,209.083,209.083,209.083,0
10/10/2019,201.877,201.877,201.877,201.877,8
10/09/2019,199.414,199.414,199.414,199.414,8
10/08/2019,200.582,200.582,200.582,200.582,0
10/07/2019,201.95,201.95,201.95,201.95,0
10/04/2019,205.452,205.452,205.452,205.452,0
10/03/2019,203.167,203.167,203.15,203.167,0
10/02/2019,199.058,199.058,199.058,199.058,0
10/01/2019,200.259,200.259,200.259,200.259,0
09/30/2019,198.335,198.335,198.335,198.335,0
09/27/2019,206.487,206.487,206.487,206.487,0
09/26/2019,208.288,208.288,208.288,208.288,0
09/25/2019,212.297,212.297,212.297,212.297,0
09/24/2019,221.678,221.678,221.678,221.678,0
09/23/2019,232.815,232.815,232.815,232.815,0
09/20/2019,232.137,232.137,232.137,232.137,0
09/19/2019,231.792,231.8,231.792,231.792,0
09/18/2019,228.962,228.962,228.962,228.962,0
09/17/2019,238.736,238.736,238.736,238.736,0
09/16/2019,253.861,253.861,253.861,253.861,0
09/13/2019,212.225,212.225,212.225,212.225,5
09/12/2019,212.798,212.798,212.798,212.798,5
09/11/2019,209.956,209.956,209.956,209.956,0
09/10/2019,216.417,216.417,216.417,216.417,5
09/09/2019,223.763,223.763,223.763,223.763,5
09/06/2019,226.512,226.512,226.512,226.512,0
09/05/2019,227.059,227.059,227.059,227.059,0
09/04/2019,225.544,225.544,225.544,225.544,0
09/03/2019,214.874,214.874,214.874,214.874,0
08/30/2019,227.572,227.572,227.572,227.572,0
08/29/2019,237.408,237.408,237.408,237.408,0
08/28/2019,237.163,237.163,237.163,237.163,1
08/27/2019,234.205,234.205,234.205,234.205,1
08/26/2019,229.217,229.217,229.217,229.217,0
08/23/2019,232.609,232.609,232.609,232.609,0
08/22/2019,236.602,236.602,236.602,236.602,0
08/21/2019,237.625,237.625,237.625,237.625,0
08/20/2019,236.75,236.75,236.75,236.75,0
08/19/2019,236.8,236.8,236.8,236.8,0
08/16/2019,232.275,232.275,232.275,232.275,1
08/15/2019,228.8,228.8,228.8,228.8,1
08/14/2019,235.55,235.55,235.55,235.55,0
08/13/2019,253.55,253.55,253.55,253.55,0
08/12/2019,239.45,239.45,239.45,239.45,0
08/09/2019,243.4,243.4,243.4,243.4,0
08/08/2019,239.9,239.9,239.9,239.9,0
08/07/2019,236.325,236.325,236.325,236.325,0
08/06/2019,251.7,251.7,251.7,251.7,0
08/05/2019,255.8,255.8,255.8,255.8,0
08/02/2019,265.325,265.325,265.325,265.325,0
08/01/2019,254.475,254.475,254.475,254.475,0
07/31/2019,282.925,282.925,282.925,282.925,0
07/30/2019,281.85,281.85,281.85,281.85,0
07/29/2019,277.55,277.55,277.55,277.55,0
07/26/2019,277.15,277.15,277.15,277.15,0
07/25/2019,278.5,278.5,278.5,278.5,0
07/24/2019,277.625,277.625,277.625,277.625,0
07/23/2019,281.375,281.375,281.375,281.375,0
07/22/2019,278.1,278.1,278.1,278.1,0
07/19/2019,274.225,274.225,274.225,274.225,0
07/18/2019,269.125,269.125,269.125,269.125,0
07/17/2019,276.65,276.65,276.65,276.65,0
07/16/2019,279.9,279.9,279.9,279.9,0
07/15/2019,291.9,291.9,291.9,291.9,0
07/12/2019,294.15,294.15,294.15,294.15,0
07/11/2019,293.4,293.4,293.4,293.4,0
07/10/2019,296.275,296.275,296.275,296.275,0
07/09/2019,286.025,286.025,286.025,286.025,0
07/08/2019,285.85,285.85,285.85,285.85,0
07/05/2019,285.989,285.989,285.989,285.989,0
07/03/2019,288.35,288.35,288.35,288.35,0
07/02/2019,279.25,279.25,279.25,279.25,0
07/01/2019,295.5,295.5,295.5,295.5,0
06/28/2019,292.125,292.125,292.125,292.125,0
06/27/2019,297.075,297.075,297.075,297.075,0
06/26/2019,298.05,298.05,298.05,298.05,0
06/25/2019,292.325,292.325,292.325,292.325,50
06/24/2019,291.125,291.125,291.125,291.125,0
06/21/2019,292.2,292.2,292.2,292.2,0
06/20/2019,288.8,288.8,288.8,288.8,0
06/19/2019,274.375,274.375,274.375,274.375,0
06/18/2019,276.475,276.475,276.475,276.475,0
06/17/2019,266.65,266.65,266.65,266.65,0
06/14/2019,272.7,272.7,272.7,272.7,0
06/13/2019,269.4,269.4,269.4,269.4,0
06/12/2019,263.7,263.7,263.7,263.7,0
06/11/2019,278.66,278.66,278.66,278.66,0
06/10/2019,280.15,280.15,280.15,280.15,0
06/07/2019,283.95,283.95,283.95,283.95,0
06/06/2019,277.065,277.065,277.065,277.065,0
06/05/2019,271.375,271.375,271.375,271.375,0
06/04/2019,281.775,281.775,281.775,281.775,0
06/03/2019,275.675,275.675,275.675,275.675,12
05/31/2019,277.15,277.15,277.15,277.15,1
05/30/2019,293.675,293.675,293.675,293.675,0
05/29/2019,305.6,305.6,305.6,305.6,0
05/28/2019,310.8,310.8,310.8,310.8,0
05/24/2019,304.3,304.3,304.3,304.3,0
05/23/2019,296.7,296.7,296.7,296.7,0
05/22/2019,319.65,319.65,319.65,319.65,0
05/21/2019,330.425,330.425,330.425,330.425,0
05/20/2019,329.125,329.125,329.125,329.125,0
05/17/2019,329.575,329.575,329.575,329.575,0
05/16/2019,330.775,330.775,330.775,330.775,0
05/15/2019,327.2,327.2,327.2,327.2,0
05/14/2019,324.5,324.5,324.5,324.5,5
05/13/2019,319.2,319.2,319.2,319.2,0
05/10/2019,322.125,322.125,322.125,322.125,0
05/09/2019,321.95,321.95,321.95,321.95,0
05/08/2019,323.975,323.975,323.975,323.975,0
05/07/2019,318.475,318.475,318.475,318.475,1
05/06/2019,324.8,324.8,324.8,324.8,0
05/03/2019,321.75,321.75,321.75,321.75,5
05/02/2019,322.375,322.375,322.375,322.375,10
05/01/2019,328.9,328.9,328.9,328.9,0
04/30/2019,327.375,327.375,327.375,327.375,0
04/29/2019,324.9,324.9,324.9,324.9,0
04/26/2019,325.6,325.6,325.6,325.6,0
04/25/2019,334.95,334.95,334.95,334.95,2
04/24/2019,336.75,336.75,336.75,336.75,0
04/23/2019,336.825,336.825,336.825,336.825,0
04/22/2019,336.1,336.1,336.1,336.1,0
04/18/2019,329.525,329.525,329.525,329.525,0
04/17/2019,328.8,328.8,328.8,328.8,0
04/16/2019,330.3,330.3,330.3,330.3,2
04/15/2019,327.225,327.225,327.225,327.225,0
04/12/2019,328.075,328.075,328.075,328.075,0
04/11/2019,324.675,324.675,324.675,324.675,0
04/10/2019,327.825,327.825,327.825,327.825,0
04/09/2019,321.2,321.2,321.2,321.2,0
04/08/2019,325.4,325.4,325.4,325.4,0
04/05/2019,319.725,319.725,319.725,319.725,0
04/04/2019,315.475,315.475,315.475,315.475,0
04/03/2019,315.175,315.175,315.175,315.175,0
04/02/2019,313.925,313.925,313.925,313.925,0
04/01/2019,310.8,310.8,310.8,310.8,0
03/29/2019,304.325,304.325,304.325,304.325,0
03/28/2019,300.925,300.925,300.925,300.925,0
03/27/2019,300.65,300.65,300.65,300.65,0
03/26/2019,301.3,301.3,301.3,301.3,0
03/25/2019,298.75,298.75,298.75,298.75,0
03/22/2019,297.375,297.375,297.375,297.375,0
03/21/2019,302.35,302.35,302.35,302.35,0
03/20/2019,304.45,304.45,304.45,304.45,5
03/19/2019,298.575,298.575,298.575,298.575,10
03/18/2019,296.5,296.5,296.5,296.5,0
03/15/2019,294.9,294.9,294.9,294.9,0
03/14/2019,293.8,293.8,293.8,293.8,0
03/13/2019,294.85,294.85,294.85,294.85,0
03/12/2019,289.75,289.75,289.75,289.75,0
03/11/2019,289.675,289.675,289.675,289.675,0
03/08/2019,285.675,285.675,285.675,285.675,0
03/07/2019,286.925,286.925,286.925,286.925,0
03/06/2019,286.675,286.675,286.675,286.675,0
03/05/2019,289.8,289.8,289.8,289.8,0
03/04/2019,290.05,290.05,290.05,290.05,0
03/01/2019,285.35,285.35,285.35,285.35,0
02/28/2019,294.275,294.275,294.275,294.275,0
02/27/2019,296.05,296.05,296.05,296.05,0
02/26/2019,291.075,291.075,291.075,291.075,0
02/25/2019,285.9,285.9,285.9,285.9,0
02/22/2019,298.1,298.1,298.1,298.1,0
02/21/2019,299.975,299.975,299.975,299.975,0
02/20/2019,301.125,301.125,301.125,301.125,0
02/19/2019,298.475,298.475,298.475,298.475,0
02/15/2019,296.675,296.675,296.675,296.675,0
02/14/2019,287.225,287.225,287.225,287.225,0
02/13/2019,283.375,283.375,283.375,283.375,0
02/12/2019,277.6,277.6,277.6,277.6,0
02/11/2019,272.975,272.975,272.975,272.975,0
02/08/2019,275.025,275.025,275.025,275.025,0
02/07/2019,275.45,275.45,275.45,275.45,0
02/06/2019,280.525,280.525,280.525,280.525,0
02/05/2019,278.1,278.1,278.1,278.1,0
02/04/2019,278,278,278,278,0
02/01/2019,278.85,278.85,278.85,278.85,0
01/31/2019,268.775,268.775,268.775,268.775,0
01/30/2019,273.6,273.6,273.6,273.6,0
01/29/2019,272.475,272.475,272.475,272.475,0
01/28/2019,264.275,264.275,264.275,264.275,0
01/25/2019,277,277,277,277,0
01/24/2019,274.625,274.625,274.625,274.625,0
01/23/2019,274.875,274.875,274.875,274.875,0
01/22/2019,278.375,278.375,278.375,278.375,0
01/18/2019,284.625,284.625,284.625,284.625,0
01/17/2019,276.75,276.75,276.75,276.75,0
01/16/2019,279.9,279.9,279.9,279.9,0
01/15/2019,275.85,275.85,275.85,275.85,0
01/14/2019,268.8,268.8,268.8,268.8,0
01/11/2019,279.2,279.2,279.2,279.2,0
01/10/2019,286.875,286.875,286.875,286.875,0
01/09/2019,285.95,285.95,285.95,285.95,0
01/08/2019,268.95,268.95,268.95,268.95,0
01/07/2019,259.8,259.8,259.8,259.8,0
01/04/2019,256.175,256.175,256.175,256.175,0
01/03/2019,251.475,251.475,251.475,251.475,0
01/02/2019,246.4,246.4,246.4,246.4,0
12/31/2018,238.55,238.55,238.55,238.55,0
12/28/2018,233.975,233.975,233.975,233.975,0
12/27/2018,233.89,233.89,233.89,233.89,0
12/26/2018,245.4,245.4,245.4,245.4,0
12/24/2018,223.575,223.575,223.575,223.575,0
12/21/2018,242.725,242.725,242.725,242.725,0
12/20/2018,244.175,244.175,244.175,244.175,0
12/19/2018,257.3,257.3,257.3,257.3,0
12/18/2018,247.7,247.7,247.7,247.7,5
12/17/2018,264.525,264.525,264.525,264.525,0
12/14/2018,266.1,266.1,266.1,266.1,0
12/13/2018,273.075,273.075,273.075,273.075,0
12/12/2018,263.825,263.825,263.825,263.825,0
12/11/2018,265.55,265.55,265.55,265.55,0
12/10/2018,264.525,264.525,264.525,264.525,0
12/07/2018,274.825,274.825,274.825,274.825,0
12/06/2018,267.925,267.925,267.925,267.925,0
12/05/2018,275.225,275.225,275.225,275.225,0
12/04/2018,276.925,276.925,276.925,276.925,0
12/03/2018,272.4,272.4,272.4,272.4,0
11/30/2018,259.6,259.6,259.6,259.6,0
11/29/2018,263.625,263.625,263.625,263.625,0
11/28/2018,258.15,258.15,258.15,258.15,25
11/27/2018,266.35,266.35,266.35,266.35,0
11/26/2018,267.275,267.275,267.275,267.275,0
11/23/2018,260.5,260.5,260.5,260.5,0
11/21/2018,284.175,284.175,284.175,284.175,0
11/20/2018,273.7,273.7,273.7,273.7,0
11/19/2018,295.95,295.95,295.95,295.95,0
11/16/2018,290.8,290.8,290.8,290.8,0
11/15/2018,290.475,290.475,290.475,290.475,0
11/14/2018,291.9,291.9,291.9,291.9,0
11/13/2018,287.5,287.5,287.5,287.5,0
11/12/2018,310.55,310.55,310.55,310.55,0
11/09/2018,311.775,311.775,311.775,311.775,0
11/08/2018,316.65,316.65,316.65,316.65,0
11/07/2018,321.225,321.225,321.225,321.225,0
11/06/2018,317.05,317.05,317.05,317.05,0
11/05/2018,318.45,318.45,318.45,318.45,0
11/02/2018,316.5,316.5,316.5,316.5,0
11/01/2018,317.975,317.975,317.975,317.975,0
10/31/2018,328.025,328.025,328.025,328.025,0
10/30/2018,330.9,330.9,330.9,330.9,5
10/29/2018,337.2,337.2,337.2,337.2,0
10/26/2018,338.35,338.35,338.35,338.35,0
10/25/2018,335.05,335.05,335.05,335.05,0
10/24/2018,332.65,332.65,332.65,332.65,0
10/23/2018,333.175,333.175,333.175,333.175,0
10/22/2018,348.7,348.7,348.7,348.7,0
10/19/2018,348.175,348.175,348.175,348.175,0
10/18/2018,340.525,340.525,340.525,340.525,0
10/17/2018,343.705,343.705,343.705,343.705,0
10/16/2018,349.485,349.485,349.485,349.485,0
10/15/2018,344.85,344.85,344.85,344.85,0
10/12/2018,342.875,342.875,342.875,342.875,0
10/11/2018,336.7,336.7,336.7,336.7,0
10/10/2018,348.05,348.05,348.05,348.05,0
10/09/2018,357.55,357.55,357.55,357.55,0
10/08/2018,351.975,351.975,351.975,351.975,0
10/05/2018,351.575,351.575,351.575,351.575,0
10/04/2018,351.45,351.45,351.45,351.45,0
10/03/2018,357.225,357.225,357.225,357.225,0
10/02/2018,348.4,348.4,348.4,348.4,0
10/01/2018,348.025,348.025,348.025,348.025,0
09/28/2018,337.375,337.375,337.375,337.375,0
09/27/2018,332.1,332.1,332.1,332.1,0
09/26/2018,327.832,327.832,327.832,327.832,0
09/25/2018,326.05,326.05,326.05,326.05,0
09/24/2018,324.1,324.1,324.1,324.1,0
09/21/2018,314.575,314.575,314.575,314.575,0
09/20/2018,313.925,313.925,313.925,313.925,0
09/19/2018,313.475,313.475,313.475,313.475,0
09/18/2018,310.625,310.625,310.625,310.625,0
09/17/2018,304.575,304.575,304.575,304.575,0
09/14/2018,307.15,307.15,307.15,307.15,1
09/13/2018,310.4,310.4,310.4,310.4,0
09/12/2018,318.275,318.275,318.275,318.275,0
09/11/2018,317.025,317.025,317.025,317.025,0
09/10/2018,311.75,311.75,311.75,311.75,0
09/07/2018,309.4,309.4,309.4,309.4,0
09/06/2018,306.8,306.8,306.8,306.8,0
09/05/2018,308.875,308.875,308.875,308.875,0
09/04/2018,314.9,314.9,314.9,314.9,0
08/31/2018,317.45,317.45,317.45,317.45,0
08/30/2018,320.625,320.625,320.625,320.625,0
08/29/2018,320.1,320.1,320.1,320.1,0
08/28/2018,313.325,313.325,313.325,313.325,0
08/27/2018,314.525,314.525,314.525,314.525,0
08/24/2018,312.75,312.75,312.75,312.75,0
08/23/2018,309.7,309.7,309.7,309.7,0
08/22/2018,311.8,311.8,311.8,311.8,0
08/21/2018,299.05,299.05,299.05,299.05,0
08/20/2018,295.95,295.95,295.95,295.95,0
08/17/2018,292.95,292.95,292.95,292.95,0
08/16/2018,293.6,293.6,293.6,293.6,0
08/15/2018,288.15,288.15,288.15,288.15,0
08/14/2018,294.725,294.725,294.725,294.725,0
08/13/2018,295.175,295.175,295.175,295.175,0
08/10/2018,296.95,296.95,296.95,296.95,0
08/09/2018,293.3,293.3,293.3,293.3,0
08/08/2018,293.2,293.2,293.2,293.2,0
08/07/2018,305.375,305.375,305.375,305.375,0
08/06/2018,300.175,300.175,300.175,300.175,0
08/03/2018,297.85,297.85,297.85,297.85,0
08/02/2018,298.475,298.475,298.475,298.475,0
08/01/2018,291.6,291.6,291.6,291.6,0
07/31/2018,298.8,298.8,298.8,298.8,0
07/30/2018,305.65,305.65,305.65,305.65,0
07/27/2018,302.15,302.15,302.15,302.15,0
07/26/2018,303.9,303.9,303.9,303.9,0
07/25/2018,298.75,298.75,298.75,298.75,0
07/24/2018,293.8,293.8,293.8,293.8,0
07/23/2018,290.6,290.6,290.6,290.6,0
07/20/2018,284.925,284.925,284.925,284.925,0
07/19/2018,281.9,281.9,281.9,281.9,0
07/18/2018,283.75,283.75,283.75,283.75,0
07/17/2018,279.725,279.725,279.725,279.725,0
07/16/2018,274.875,274.875,274.875,274.875,10
07/13/2018,292.725,292.725,292.725,292.725,0
07/12/2018,288.475,288.475,288.475,288.475,0
07/11/2018,280.075,280.075,280.075,280.075,0
07/10/2018,302.05,302.05,302.05,302.05,0
07/09/2018,299.5,299.5,299.5,299.5,0
07/06/2018,293.4,293.4,293.4,293.4,0
07/05/2018,292.275,292.275,292.275,292.275,0
07/03/2018,290.475,290.475,290.475,290.475,0
07/02/2018,287.5,287.5,287.5,287.5,0
06/29/2018,296.05,296.05,296.05,296.05,0
06/28/2018,290.6,290.6,290.6,290.6,0
06/27/2018,290.925,290.925,290.925,290.925,0
06/26/2018,285.05,285.05,285.05,285.05,0
06/25/2018,276,276,276,276,0
06/22/2018,277.75,277.75,277.75,277.75,0
06/21/2018,264.9,264.9,264.9,264.9,0
06/20/2018,269.125,269.125,269.125,269.125,0
06/19/2018,270.825,270.825,270.825,270.825,0
06/18/2018,274.425,274.425,274.425,274.425,0
06/15/2018,264,264,264,264,0
06/14/2018,277.925,277.925,277.925,277.925,0
06/13/2018,283.3,283.3,283.3,283.3,0
06/12/2018,278.025,278.025,278.025,278.025,0
06/11/2018,280.975,280.975,280.975,280.975,0
06/08/2018,279.9,279.9,279.9,279.9,0
06/07/2018,282.4,282.4,282.4,282.4,0
06/06/2018,273.975,273.975,273.975,273.975,0
06/05/2018,279.025,279.025,279.025,279.025,0
06/04/2018,278.575,278.575,278.575,278.575,0
06/01/2018,279.95,279.95,279.95,279.95,100
05/31/2018,279.05,279.05,279.05,279.05,0
05/30/2018,279.375,279.375,279.375,279.375,0
05/29/2018,268.65,268.65,268.65,268.65,0
05/25/2018,271.8,271.8,271.8,271.8,0
05/24/2018,281.675,281.675,281.675,281.675,0
05/23/2018,287.9,287.9,287.9,287.9,0
05/22/2018,291.45,291.45,291.45,291.45,0
05/21/2018,287.675,287.675,287.675,287.675,0
05/18/2018,278.35,278.35,278.35,278.35,0
05/17/2018,276.25,276.25,276.25,276.25,100
05/16/2018,269.375,269.375,269.375,269.375,0
05/15/2018,264,264,262.5,264,0
05/14/2018,258.225,258.225,258.225,258.225,45
05/11/2018,258.75,258.75,258.75,258.75,0
05/10/2018,262.075,262.075,262.075,262.075,0
05/09/2018,262.45,262.45,262.45,262.45,0
05/08/2018,255.525,255.525,255.525,255.525,100
05/07/2018,260.2,260.2,260.2,260.2,0
05/04/2018,254.675,254.675,254.675,254.675,5
05/03/2018,247.05,247.05,247.05,247.05,0
05/02/2018,245.15,245.15,245.15,245.15,115
05/01/2018,244.05,244.05,244.05,244.05,0
04/30/2018,248.675,248.675,248.675,248.675,0
04/27/2018,246.1,246.1,246.1,246.1,0
04/26/2018,247.75,247.75,247.75,247.75,0
04/25/2018,247.05,247.05,247.05,247.05,0
04/24/2018,247.865,247.865,244.825,247.865,20
04/23/2018,250.75,250.75,245.75,250.75,0
04/20/2018,254.975,254.975,254.975,254.975,0
04/19/2018,259.125,259.125,259.125,259.125,0
04/18/2018,258.25,258.25,258.25,258.25,0
04/17/2018,255.225,255.225,255.225,255.225,5
04/16/2018,254.2,254.2,254.2,254.2,0
04/13/2018,256.451,256.451,256.451,256.451,0
04/12/2018,256.25,256.25,256.25,256.25,0
04/11/2018,255.4,255.4,255.4,255.4,0
04/10/2018,252.2,252.2,252.2,252.2,0
04/09/2018,248.725,248.725,248.725,248.725,20
04/06/2018,243.925,243.925,243.925,243.925,0
04/05/2018,250.65,250.65,250.65,250.65,50
04/04/2018,248.425,248.425,248.425,248.425,0
04/03/2018,247.1,247.1,247.1,247.1,40
04/02/2018,239.075,239.075,239.075,239.075,0
03/29/2018,247.775,247.775,247.775,247.775,0
03/28/2018,244.775,244.775,244.775,244.775,25
03/27/2018,246.075,246.075,246.075,246.075,0
03/26/2018,243.55,243.55,243.55,243.55,0
03/23/2018,247.775,247.775,247.775,247.775,0
03/22/2018,239.75,239.75,239.75,239.75,0
03/21/2018,245.4,245.4,245.4,245.4,0
03/20/2018,238.15,238.15,238.15,238.15,0
03/19/2018,234.895,234.895,234.895,234.895,0
03/16/2018,236.75,236.75,236.75,236.75,0
03/15/2018,233.075,233.075,233.075,233.075,0
03/14/2018,231.35,231.35,231.35,231.35,0
03/13/2018,229.975,229.975,229.975,229.975,25
03/12/2018,229.725,229.725,229.725,229.725,0
03/09/2018,231.75,231.75,231.75,231.75,0
03/08/2018,221.8,221.8,221.8,221.8,0
03/07/2018,221.225,221.225,221.225,221.225,0
03/06/2018,226.925,226.925,226.925,226.925,0
03/05/2018,225.4,225.4,225.4,225.4,0
03/02/2018,215.7,215.7,215.7,215.7,0
03/01/2018,213.15,213.15,213.15,213.15,0
02/28/2018,212.55,212.55,212.55,212.55,0
02/27/2018,218.775,218.775,218.775,218.775,0
02/26/2018,218.7,218.7,218.7,218.7,0
02/23/2018,218.35,218.35,218.35,218.35,0
02/22/2018,214.025,214.025,214.025,214.025,0
02/21/2018,214.225,214.225,214.225,214.225,0
02/20/2018,214.8,214.8,214.8,214.8,0
02/16/2018,213.25,213.25,213.25,213.25,0
02/15/2018,211.025,211.025,211.025,211.025,15
02/14/2018,211.525,211.525,211.525,211.525,0
02/13/2018,209.475,209.475,209.475,209.475,0
02/12/2018,206.1,206.1,206.1,206.1,0
02/09/2018,205.55,205.55,205.55,205.55,0
02/08/2018,220.35,220.35,220.35,220.35,0
02/07/2018,224.275,224.275,224.275,224.275,0
02/06/2018,227.1,227.1,227.1,227.1,0
02/05/2018,228.325,228.325,228.325,228.325,0
02/02/2018,232.975,232.975,232.975,232.975,0
02/01/2018,240.325,240.325,240.325,240.325,0
01/31/2018,227.85,227.85,227.85,227.85,0
01/30/2018,221.875,221.875,221.875,221.875,0
01/29/2018,206.15,206.15,206.15,206.15,0
01/26/2018,219.35,219.35,219.35,219.35,0
01/25/2018,230.5,230.5,230.5,230.5,0
01/24/2018,238.65,238.65,238.65,238.65,0
01/23/2018,246.6,246.6,246.6,246.6,0
01/22/2018,246.1,246.1,246.1,246.1,0
01/19/2018,255.1,255.1,255.1,255.1,0
01/18/2018,264.625,264.625,264.625,264.625,0
01/17/2018,264.45,264.45,264.45,264.45,0
01/16/2018,264.475,264.475,264.475,264.475,0
01/12/2018,269.125,269.125,269.125,269.125,0
01/11/2018,266.625,266.625,266.625,266.625,0
01/10/2018,269.525,269.525,269.525,269.525,0
01/09/2018,269.775,269.775,269.775,269.775,0
01/08/2018,267.25,267.25,267.25,267.25,0
01/05/2018,265.7,265.7,265.7,265.7,0
01/04/2018,265.9,265.9,265.9,265.9,5
01/03/2018,267.3,267.3,267.3,267.3,0
01/02/2018,265.725,265.725,265.725,265.725,0
12/29/2017,265.55,265.55,265.55,265.55,0
12/28/2017,263.2,263.2,263.2,263.2,0
12/27/2017,263.05,263.05,263.05,263.05,0
12/26/2017,266.525,266.525,266.525,266.525,0
12/22/2017,259.125,259.125,259.125,259.125,0
12/21/2017,257.75,257.75,257.75,257.75,0
12/20/2017,256.45,256.45,256.45,256.45,0
12/19/2017,254.5,254.5,254.5,254.5,0
12/18/2017,251.775,251.775,251.775,251.775,0
12/15/2017,249.375,249.375,249.375,249.375,0
12/14/2017,249.85,249.85,249.85,249.85,0
12/13/2017,246.075,246.075,246.075,246.075,0
12/12/2017,251.75,251.75,251.75,251.75,0
12/11/2017,259.05,259.05,259.05,259.05,0
12/08/2017,257.675,257.675,257.675,257.675,0
12/07/2017,253.325,253.325,253.325,253.325,0
12/06/2017,249.575,249.575,249.575,249.575,0
12/05/2017,255.55,255.55,255.55,255.55,0
12/04/2017,251.35,251.35,251.35,251.35,0
12/01/2017,254.95,254.95,254.95,254.95,0
11/30/2017,252.575,252.575,252.575,252.575,0
11/29/2017,252.125,252.125,252.125,252.125,0
11/28/2017,254.725,254.725,254.725,254.725,0
11/27/2017,253.65,253.65,253.65,253.65,0
11/24/2017,251.4,251.4,251.4,251.4,0
11/22/2017,249.15,249.15,249.15,249.15,0
11/21/2017,248.125,248.125,248.125,248.125,0
11/20/2017,249.05,249.05,249.05,249.05,0
11/17/2017,251.475,251.475,251.475,251.475,0
11/16/2017,247.8,247.8,247.8,247.8,0
11/15/2017,249.275,249.275,249.275,249.275,0
11/14/2017,250.05,250.05,250.05,250.05,0
11/13/2017,257.475,257.475,257.475,257.475,0
11/10/2017,254.9,254.9,254.55,254.9,0
11/09/2017,253.125,253.125,253.125,253.125,0
11/08/2017,250.425,250.425,250.425,250.425,0
11/07/2017,249.1,249.1,249.1,249.1,0
11/06/2017,248.325,248.325,248.325,248.325,0
11/03/2017,242.675,242.675,242.675,242.675,0
11/02/2017,240.7,240.7,240.7,240.7,0
11/01/2017,243.125,243.125,243.125,243.125,5
10/31/2017,246.375,246.375,246.375,246.375,5
10/30/2017,246.25,246.25,246.25,246.25,0
10/27/2017,239.75,239.75,239.75,239.75,0
10/26/2017,236.4,236.4,236.4,236.4,10
10/25/2017,238.525,238.525,238.525,238.525,0
10/24/2017,237.775,237.775,237.775,237.775,5
10/23/2017,239.125,247.38,239.125,239.125,0
10/20/2017,239.55,239.55,239.55,239.55,0
10/19/2017,233.55,233.55,233.55,233.55,10
10/18/2017,235.35,235.35,235.35,235.35,0
10/17/2017,245.525,245.525,245.525,245.525,0
10/16/2017,248.2,248.2,248.2,248.2,0
10/13/2017,250.4,250.4,250.4,250.4,0
10/12/2017,249.525,249.525,249.525,249.525,0
10/11/2017,256.825,256.825,256.825,256.825,0
10/10/2017,254.9,254.9,254.9,254.9,0
10/09/2017,254.075,254.075,254.075,254.075,0
10/06/2017,254.125,254.125,254.125,254.125,0
10/05/2017,261.55,261.55,261.55,261.55,0
10/04/2017,259.45,259.45,259.45,259.45,0
10/03/2017,260.45,260.45,260.45,260.45,0
10/02/2017,261.425,261.425,261.425,261.425,5
09/29/2017,265.275,265.275,265.275,265.275,20
09/28/2017,265.6,265.6,265.6,265.6,0
09/27/2017,268.825,268.825,268.825,268.825,0
09/26/2017,269,269,269,269,0
09/25/2017,270.125,270.125,270.125,270.125,0
09/22/2017,268.475,268.475,268.475,268.475,0
09/21/2017,268.975,268.975,268.975,268.975,0
09/20/2017,270.025,270.025,270.025,270.025,0
09/19/2017,268.9,268.9,268.9,268.9,0
09/18/2017,271.825,271.825,271.825,271.825,0
09/15/2017,273.15,273.15,273.15,273.15,0
09/14/2017,271.675,271.675,271.675,271.675,0
09/13/2017,269.925,269.925,269.925,269.925,0
09/12/2017,267.075,267.075,267.075,267.075,0
09/11/2017,265.75,265.75,265.75,265.75,0
09/08/2017,264.625,264.625,264.625,264.625,0
09/07/2017,268.975,268.975,268.975,268.975,0
09/06/2017,268.075,268.075,268.075,268.075,0
09/05/2017,264.875,264.875,264.875,264.875,0
09/01/2017,263.325,263.325,263.325,263.325,0
08/31/2017,262.55,262.55,262.55,262.55,0
08/30/2017,251.025,251.025,251.025,251.025,0
08/29/2017,253.375,253.375,253.375,253.375,0
08/28/2017,251.875,251.875,251.875,251.875,0
08/25/2017,255.325,255.325,255.325,255.325,0
08/24/2017,252.625,252.625,252.625,252.625,0
08/23/2017,256.15,256.15,256.15,256.15,0
08/22/2017,252.95,252.95,252.95,252.95,0
08/21/2017,248.925,248.925,248.925,248.925,0
08/18/2017,255.525,255.525,255.525,255.525,0
08/17/2017,246.6,246.6,246.6,246.6,0
08/16/2017,244.15,244.15,244.15,244.15,0
08/15/2017,247.3,247.3,247.3,247.3,0
08/14/2017,247.4,247.4,247.4,247.4,0
08/11/2017,252.925,252.925,252.925,252.925,0
08/10/2017,252.625,252.625,252.625,252.625,0
08/09/2017,259.375,259.375,259.375,259.375,0
08/08/2017,258.525,258.525,258.525,258.525,0
08/07/2017,260.75,260.75,260.75,260.75,0
08/04/2017,259.575,259.575,259.575,259.575,0
08/03/2017,256.65,256.65,256.65,256.65,0
08/02/2017,260.1,260.1,260.1,260.1,0
08/01/2017,257.275,257.275,257.275,257.275,0
07/31/2017,261.4,261.4,261.4,261.4,0
07/28/2017,257.4,257.4,257.4,257.4,0
07/27/2017,256.2,256.2,256.2,256.2,0
07/26/2017,255.875,255.875,255.875,255.875,0
07/25/2017,254,254,254,254,0
07/24/2017,247.005,247.005,247.005,247.005,0
07/21/2017,243.425,243.425,243.425,243.425,0
07/20/2017,249.55,249.55,249.55,249.55,0
07/19/2017,254,254,254,254,0
07/18/2017,251.125,251.125,251.125,251.125,0
07/17/2017,252.1,252.1,252.1,252.1,0
07/14/2017,255.775,255.775,255.775,255.775,0
07/13/2017,253.125,253.125,253.125,253.125,0
07/12/2017,248.75,248.75,248.75,248.75,0
07/11/2017,249.4,249.4,249.4,249.4,0
07/10/2017,243.8,243.8,243.8,243.8,0
07/07/2017,240.2,240.2,240.2,240.2,0
07/06/2017,245.175,245.175,245.175,245.175,0
07/05/2017,243.35,243.35,243.35,243.35,0
07/03/2017,248.175,248.175,248.175,248.175,0
06/30/2017,245.675,245.675,245.675,245.675,0
06/29/2017,237.725,237.725,237.725,237.725,0
06/28/2017,236.275,236.275,236.275,236.275,0
06/27/2017,233.45,233.45,233.45,233.45,0
06/26/2017,229.55,229.55,229.55,229.55,0
06/23/2017,227.525,227.525,227.525,227.525,0
06/22/2017,226.75,226.75,226.75,226.75,0
06/21/2017,226.825,226.825,226.825,226.825,0
06/20/2017,228.775,228.775,228.775,228.775,15
06/19/2017,228.525,229.5,228.525,228.525,0
06/16/2017,230.5,230.5,230.5,230.5,0
06/15/2017,228.8,228.8,228.8,228.8,0
06/14/2017,225.775,225.775,225.775,225.775,0
06/13/2017,230.125,230.125,230.125,230.125,0
06/12/2017,227.25,227.25,227.25,227.25,0
06/09/2017,227.025,227.025,227.025,227.025,0
06/08/2017,226.325,226.325,226.325,226.325,0
06/07/2017,222.075,222.075,222.075,222.075,0
06/06/2017,228.925,228.925,228.925,228.925,0
06/05/2017,228.55,228.55,228.55,228.55,0
06/02/2017,228.2,228.2,228.2,228.2,0
06/01/2017,230.4,230.4,230.4,230.4,0
05/31/2017,230.525,230.525,230.525,230.525,0
05/30/2017,237.025,237.025,237.025,237.025,0
05/26/2017,236.225,236.225,236.225,236.225,0
05/25/2017,230.75,230.75,230.75,230.75,0
05/24/2017,240.75,240.75,240.75,240.75,0
05/23/2017,245.925,245.925,245.925,245.925,0
05/22/2017,244.4,244.4,244.4,244.4,0
05/19/2017,242.9,242.9,242.9,242.9,0
05/18/2017,238.675,238.675,238.675,238.675,0
05/17/2017,238.65,238.65,238.65,238.65,0
05/16/2017,236.35,236.35,236.35,236.35,0
05/15/2017,235.95,235.95,235.95,235.95,0
05/12/2017,234.625,234.625,234.625,234.625,0
05/11/2017,237.1,237.1,237.1,237.1,0
05/10/2017,236.1,236.1,236.1,236.1,0
05/09/2017,230.775,230.775,230.775,230.775,0
05/08/2017,234,234,234,234,0
05/05/2017,232.125,232.125,232.125,232.125,0
05/04/2017,222.425,222.425,222.425,222.425,0
05/03/2017,230.425,230.425,230.425,230.425,0
05/02/2017,227.8,227.8,227.8,227.8,0
05/01/2017,234.15,234.15,234.15,234.15,0
04/28/2017,236.125,236.125,236.125,236.125,0
04/27/2017,235,235,235,235,0
04/26/2017,238.65,238.65,238.65,238.65,0
04/25/2017,239.475,239.475,239.475,239.475,0
04/24/2017,238.5,238.5,238.5,238.5,0
04/21/2017,240.175,240.175,240.175,240.175,0
04/20/2017,243.325,243.325,243.325,243.325,0
04/19/2017,244.175,244.175,244.175,244.175,0
04/18/2017,251.875,251.875,251.875,251.875,0
04/17/2017,253.775,253.775,253.775,253.775,0
04/13/2017,255.7,255.7,255.7,255.7,0
04/12/2017,255.425,255.425,255.425,255.425,0
04/11/2017,255.65,255.65,255.65,255.65,0
04/10/2017,254.625,254.625,254.625,254.625,0
04/07/2017,250.05,250.05,250.05,250.05,0
04/06/2017,248.1,248.1,248.1,248.1,0
04/05/2017,246.225,246.225,246.225,246.225,0
04/04/2017,247.55,247.55,247.55,247.55,0
04/03/2017,243.15,243.15,243.15,243.15,0
03/31/2017,242.475,242.475,242.475,242.475,0
03/30/2017,240.225,240.225,240.225,240.225,0
03/29/2017,237.05,237.05,237.05,237.05,0
03/28/2017,233.05,233.05,233.05,233.05,0
03/27/2017,233.1,233.1,233.1,233.1,0
03/24/2017,230.65,230.65,230.65,230.65,0
03/23/2017,229.225,229.225,229.225,229.225,0
03/22/2017,232.15,232.15,232.15,232.15,0
03/21/2017,232.175,232.175,232.175,232.175,0
03/20/2017,233,233,233,233,0
03/17/2017,233.675,233.675,233.675,233.675,0
03/16/2017,233.575,233.575,233.575,233.575,0
03/15/2017,233.875,233.875,233.875,233.875,0
03/14/2017,230.1,230.1,230.1,230.1,0
03/13/2017,231.325,231.325,231.325,231.325,0
03/10/2017,231.025,231.025,231.025,231.025,0
03/09/2017,234.8,234.8,234.8,234.8,0
03/08/2017,239.6,239.6,239.6,239.6,0
03/07/2017,249.375,249.375,249.375,249.375,0
03/06/2017,250.075,250.075,250.075,250.075,0
03/03/2017,249.55,249.55,249.55,249.55,0
03/02/2017,246.525,246.525,246.525,246.525,0
03/01/2017,249.325,249.325,249.325,249.325,0
02/28/2017,250.4,250.4,250.4,250.4,0
02/27/2017,247.475,247.475,247.475,247.475,0
02/24/2017,246.4,246.4,246.4,246.4,0
02/23/2017,246.55,247.175,246.55,246.55,0
02/22/2017,242.4,242.4,242.4,242.4,0
02/21/2017,246.25,246.25,246.25,246.25,0
02/17/2017,247.7,247.7,247.7,247.7,0
02/16/2017,248.375,248.375,248.375,248.375,0
02/15/2017,247.275,247.275,247.275,247.275,0
02/14/2017,247.55,247.55,247.55,247.55,0
02/13/2017,246.35,246.35,246.35,246.35,0
02/10/2017,250.375,250.375,250.375,250.375,0
02/09/2017,246.775,246.775,246.775,246.775,0
02/08/2017,244.15,244.15,244.15,244.15,0
02/07/2017,240.375,240.375,240.375,240.375,0
02/06/2017,240.5,240.5,240.5,240.5,0
02/03/2017,244.4,244.4,244.4,244.4,0
02/02/2017,243,243,243,243,0
02/01/2017,244.575,244.575,244.575,244.575,0
01/31/2017,236.975,236.975,236.975,236.975,0
01/30/2017,234.975,234.975,234.975,234.975,0
01/27/2017,236.125,236.125,236.125,236.125,0
01/26/2017,241.925,241.925,241.925,241.925,0
01/25/2017,237.85,237.85,237.85,237.85,0
01/24/2017,241,241,241,241,0
01/23/2017,237.9,237.9,237.9,237.9,0
01/20/2017,241.725,241.725,241.725,241.725,0
01/19/2017,235.15,235.15,235.15,235.15,0
01/18/2017,230.75,230.75,230.75,230.75,0
01/17/2017,235.925,236.85,235.925,235.925,0
01/13/2017,236.675,236.675,236.675,236.675,0
01/12/2017,239.65,239.65,239.65,239.65,0
01/11/2017,235.625,235.625,235.625,235.625,0
01/10/2017,229.4,229.4,229.4,229.4,0
01/09/2017,235.25,235.25,235.25,235.25,0
01/06/2017,245.25,245.25,245.25,245.25,0
01/05/2017,244.75,244.75,244.75,244.75,0
01/04/2017,241.83,241.83,240.5,241.83,0
01/03/2017,238.83,238.83,190.074,238.83,0
12/30/2016,244.83,250.957,244.83,244.83,0
12/29/2016,243.848,243.848,243.848,243.848,0
12/28/2016,245.591,245.591,245.591,245.591,0
12/27/2016,248.606,248.606,248.606,248.606,0
12/23/2016,244.145,244.145,244.145,244.145,0
12/22/2016,244.419,244.419,244.419,244.419,0
12/21/2016,243.018,243.018,243.018,243.018,0
12/20/2016,245.98,246.288,245.98,245.98,0
12/19/2016,244.002,245.002,244.002,244.002,0
12/16/2016,245.374,245.374,245.374,245.374,0
12/15/2016,242.85,242.85,242.85,242.85,0
12/14/2016,242.729,242.729,242.729,242.729,0
12/13/2016,248.456,249.09,248.456,248.456,0
12/12/2016,248.183,248.183,248.183,248.183,0
12/09/2016,246.38,246.38,246.38,246.38,0
12/08/2016,244.613,244.613,244.613,244.613,0
12/07/2016,242.317,242.317,242.317,242.317,0
12/06/2016,247.625,247.625,247.625,247.625,0
12/05/2016,249.793,249.793,243.836,249.793,0
12/02/2016,246.848,246.848,246.848,246.848,0
12/01/2016,239.245,239.245,239.245,239.245,0
11/30/2016,238.93,238.93,238.93,238.93,0
11/29/2016,224.378,224.378,222.803,224.378,0
11/28/2016,235.385,235.385,235.385,235.385,0
11/25/2016,227.838,238.387,227.838,227.838,0
11/23/2016,236.198,236.198,236.198,236.198,0
11/22/2016,236.742,236.742,236.342,236.742,0
11/21/2016,237.116,237.116,237.116,237.116,0
11/18/2016,227.332,227.332,227.332,227.332,0
11/17/2016,224.496,224.496,224.496,224.496,0
11/16/2016,225.477,225.477,225.477,225.477,0
11/15/2016,227.165,227.165,227.165,227.165,0
11/14/2016,217.056,217.056,217.056,217.056,0
11/11/2016,220.51,220.51,220.51,220.51,0
11/10/2016,227.426,228.726,227.426,227.426,0
11/09/2016,229.481,229.481,229.481,229.481,0
11/08/2016,227.873,227.873,227.873,227.873,0
11/07/2016,227.504,227.604,227.504,227.504,0
11/04/2016,232.464,232.464,232.464,232.464,0
11/03/2016,240.248,240.248,240.248,240.248,0
11/02/2016,243.811,243.811,243.811,243.811,0
11/01/2016,246.08,251.955,246.08,246.08,0
10/31/2016,252.25,252.25,252.25,252.25,0
10/28/2016,258.567,259.592,258.567,258.567,0
10/27/2016,272.275,272.275,272.275,272.275,0
10/26/2016,273.862,273.862,273.862,273.862,0
10/25/2016,279.322,279.322,279.072,279.322,0
10/24/2016,281.556,281.556,281.556,281.556,0
10/21/2016,280.794,280.794,280.794,280.794,0
10/20/2016,277.682,277.682,277.682,277.682,0
10/19/2016,286.344,286.344,286.344,286.344,0
10/18/2016,282.506,282.506,281.681,282.506,0
10/17/2016,281.11,281.11,281.11,281.11,0
10/14/2016,282.822,282.822,282.822,282.822,0
10/13/2016,283.188,283.188,283.188,283.188,0
10/12/2016,282.032,282.032,281.182,282.032,0
10/11/2016,283.795,283.795,283.795,283.795,0
10/10/2016,292.322,292.322,292.322,292.322,0
10/07/2016,289.023,289.023,288.923,289.023,0
10/06/2016,291.157,291.157,291.157,291.157,0
10/05/2016,289.307,289.307,289.307,289.307,0
10/04/2016,284.463,285.063,284.463,284.463,0
10/03/2016,284.978,284.978,284.978,284.978,0
09/30/2016,283.399,283.399,283.399,283.399,0
09/29/2016,280.523,280.523,280.523,280.523,0
09/28/2016,278.592,278.592,278.592,278.592,0
09/27/2016,266.767,266.767,266.767,266.767,0
09/26/2016,273.608,273.608,273.608,273.608,0
09/23/2016,265.999,265.999,265.999,265.999,0
09/22/2016,274.718,274.718,274.718,274.718,0
09/21/2016,268.736,268.736,268.736,268.736,0
09/20/2016,264.718,264.718,264.718,264.718,0
09/19/2016,264.684,264.684,264.684,264.684,0
09/16/2016,263.852,263.852,263.852,263.852,0
09/15/2016,268.444,268.444,268.444,268.444,0
09/14/2016,265.196,265.196,265.196,265.196,0
09/13/2016,272.111,272.111,272.111,272.111,0
09/12/2016,275.328,275.328,275.328,275.328,0
09/09/2016,274.288,274.288,274.288,274.288,0
09/08/2016,284.794,284.794,284.794,284.794,0
09/07/2016,273.732,273.732,273.732,273.732,0
09/06/2016,268.577,268.577,268.577,268.577,0
09/02/2016,267.356,267.356,267.356,267.356,0
09/01/2016,260.981,260.981,260.981,260.981,0
08/31/2016,270.419,270.419,270.419,270.419,0
08/30/2016,280.471,280.471,280.471,280.471,0
08/29/2016,284.768,284.768,284.768,284.768,0
08/26/2016,288.07,288.07,288.07,288.07,0
08/25/2016,287.243,287.243,287.243,287.243,0
08/24/2016,285.94,285.94,285.94,285.94,0
08/23/2016,291.799,291.799,291.799,291.799,0
08/22/2016,287.278,287.278,287.278,287.278,0
08/19/2016,294.776,294.776,294.776,294.776,0
08/18/2016,295.397,295.397,295.397,295.397,0
08/17/2016,289.151,289.151,289.151,289.151,0
08/16/2016,284.459,284.459,284.459,284.459,0
08/15/2016,280.64,280.64,280.64,280.64,0
08/12/2016,275.618,275.618,275.618,275.618,0
08/11/2016,273.373,273.373,273.373,273.373,0
08/10/2016,265.005,265.005,265.005,265.005,0
08/09/2016,267.37,267.37,267.37,267.37,0
08/08/2016,268.136,268.136,268.136,268.136,0
08/05/2016,263.114,263.114,263.114,263.114,0
08/04/2016,264.076,264.076,45.332,264.076,0
08/03/2016,261.829,261.829,261.829,261.829,0
08/02/2016,258.539,258.539,258.539,258.539,0
08/01/2016,261.728,261.728,261.728,261.728,0
07/29/2016,269.308,269.308,269.308,269.308,0
07/28/2016,267.805,267.805,267.805,267.805,0
07/27/2016,270.699,270.699,270.699,270.699,0
07/26/2016,276.979,276.979,276.979,276.979,0
07/25/2016,277.741,277.741,277.741,277.741,0
07/22/2016,279.338,279.338,279.338,279.338,0
07/21/2016,280.955,280.955,280.955,280.955,0
07/20/2016,285.649,285.649,285.649,285.649,0
07/19/2016,283.647,283.647,283.647,283.647,0
07/18/2016,281.166,281.166,281.166,281.166,0
07/15/2016,284.016,284.016,284.016,284.016,0
07/14/2016,285.616,285.616,285.616,285.616,0
07/13/2016,283.37,283.37,283.37,283.37,0
07/12/2016,293.909,293.909,293.909,293.909,0
07/11/2016,287.937,287.937,287.937,287.937,0
07/08/2016,288.968,288.968,288.968,288.968,0
07/07/2016,284.892,284.892,282.431,284.892,0
07/06/2016,294.62,294.62,294.62,294.62,0
07/05/2016,286.623,286.623,286.623,286.623,0
07/01/2016,290.724,290.724,290.724,290.724,0
06/30/2016,286.512,286.512,286.512,286.512,0
06/29/2016,295.723,295.723,295.723,295.723,0
06/28/2016,284.617,284.617,284.617,284.617,0
06/27/2016,274.224,274.224,274.224,274.224,0
06/24/2016,276.504,276.504,276.504,276.504,0
06/23/2016,288.373,288.373,288.373,288.373,0
06/22/2016,285.204,285.204,285.204,285.204,0
06/21/2016,287.408,287.408,287.408,287.408,0
06/20/2016,287.318,287.318,287.318,287.318,0
06/17/2016,280.98,280.98,280.98,280.98,0
06/16/2016,271.107,271.107,271.107,271.107,0
06/15/2016,279.075,279.075,279.075,279.075,0
06/14/2016,281.785,281.785,281.785,281.785,0
06/13/2016,282.893,282.893,282.893,282.893,0
06/10/2016,283.237,283.237,283.237,283.237,0
06/09/2016,289.067,289.067,289.067,289.067,0
06/08/2016,293.49,293.49,293.49,293.49,0
06/07/2016,290.61,290.61,290.61,290.61,0
06/06/2016,288.025,288.025,288.025,288.025,0
06/03/2016,284.969,284.969,284.969,284.969,0
06/02/2016,286.987,286.987,286.987,286.987,0
06/01/2016,286.839,286.839,286.839,286.839,0
05/31/2016,287.549,287.549,287.549,287.549,0
05/27/2016,286.987,286.987,286.987,286.987,0
05/26/2016,286.537,286.537,286.537,286.537,0
05/25/2016,286.823,286.823,286.823,286.823,0
05/24/2016,282.605,282.605,282.605,282.605,0
05/23/2016,280.949,280.949,280.949,280.949,0
05/20/2016,281.485,281.485,281.485,281.485,0
05/19/2016,282.225,282.225,282.225,282.225,0
05/18/2016,282.456,282.456,282.456,282.456,0
05/17/2016,280.857,280.857,280.857,280.857,0
05/16/2016,278.018,278.018,278.018,278.018,0
05/13/2016,276.716,276.716,276.716,276.716,0
05/12/2016,279.634,279.634,279.634,279.634,0
05/11/2016,283.854,283.854,283.854,283.854,0
05/10/2016,280.076,280.076,280.076,280.076,0
05/09/2016,272.736,272.736,272.736,272.736,0
05/06/2016,275.942,275.942,275.942,275.942,0
05/05/2016,272.35,272.35,272.35,272.35,0
05/04/2016,270.502,270.502,270.502,270.502,0
05/03/2016,268.527,268.527,268.527,268.527,0
05/02/2016,269.042,269.042,269.042,269.042,0
04/29/2016,274.934,274.934,274.934,274.934,0
04/28/2016,274.751,274.751,274.751,274.751,0
04/27/2016,273.369,273.369,273.369,273.369,0
04/26/2016,266.87,266.87,266.87,266.87,0
04/25/2016,261.31,261.31,261.31,261.31,0
04/22/2016,262.83,262.83,262.83,262.83,0
04/21/2016,256.616,256.616,256.616,256.616,0
04/20/2016,261.303,261.303,261.303,261.303,0
04/19/2016,252.94,252.94,252.94,252.94,0
04/18/2016,247.932,247.932,247.932,247.932,0
04/15/2016,250.109,250.109,250.109,250.109,0
04/14/2016,256.718,256.718,256.718,256.718,0
04/13/2016,259.739,259.739,259.739,259.739,0
04/12/2016,262.621,262.621,262.621,262.621,0
04/11/2016,259.613,259.613,259.613,259.613,0
04/08/2016,258.938,258.938,258.938,258.938,0
04/07/2016,245.595,245.595,245.595,245.595,0
04/06/2016,251.191,251.191,251.191,251.191,0
04/05/2016,243.851,243.851,243.851,243.851,0
04/04/2016,253.371,253.371,253.371,253.371,0
04/01/2016,256.762,256.762,256.762,256.762,0
03/31/2016,261.086,261.086,261.086,261.086,0
03/30/2016,260.617,260.617,260.617,260.617,0
03/29/2016,256.743,256.743,256.743,256.743,0
03/28/2016,257.409,257.409,257.409,257.409,0
03/24/2016,257.297,257.297,257.297,257.297,0
03/23/2016,257.422,257.422,257.422,257.422,0
03/22/2016,263.231,263.231,263.231,263.231,0
03/21/2016,261.352,261.352,261.352,261.352,0
03/18/2016,257.516,257.516,257.516,257.516,0
03/17/2016,262.591,262.591,262.591,262.591,0
03/16/2016,261.952,261.952,261.952,261.952,0
03/15/2016,255.868,255.868,255.868,255.868,0
03/14/2016,259.448,259.448,259.448,259.448,0
03/11/2016,264.844,264.844,264.844,264.844,0
03/10/2016,262.827,262.827,262.827,262.827,0
03/09/2016,264.855,264.855,264.855,264.855,0
03/08/2016,258.459,258.459,258.459,258.459,0
03/07/2016,262.462,262.462,262.462,262.462,0
03/04/2016,253.217,253.217,253.217,253.217,0
03/03/2016,246.138,246.138,246.138,246.138,0
03/02/2016,249.199,249.199,249.199,249.199,0
03/01/2016,247.568,247.568,247.568,247.568,0
02/29/2016,245.611,245.611,245.611,245.611,0
02/26/2016,240.112,240.112,240.112,240.112,0
02/25/2016,248.535,248.535,248.535,248.535,0
02/24/2016,246.016,246.016,246.016,246.016,0
02/23/2016,240.882,240.882,240.882,240.882,0
02/22/2016,248.559,248.559,248.559,248.559,0
02/19/2016,240.309,240.309,240.309,240.309,0
02/18/2016,245.288,245.288,245.288,245.288,0
02/17/2016,248.005,248.005,248.005,248.005,0
02/16/2016,237.868,237.868,237.868,237.868,0
02/12/2016,248.91,248.91,248.91,248.91,0
02/11/2016,233.353,233.353,233.353,233.353,0
02/10/2016,232.874,232.874,232.874,232.874,0
02/09/2016,227.581,227.581,227.581,227.581,0
02/08/2016,244.344,244.344,244.344,244.344,0
02/05/2016,245.344,245.344,245.344,245.344,0
02/04/2016,249.945,249.945,249.945,249.945,0
02/03/2016,249.203,249.203,249.203,249.203,0
02/02/2016,242.513,242.513,242.513,242.513,0
02/01/2016,253.04,253.04,253.04,253.04,0
01/29/2016,256.319,256.319,256.319,256.319,0
01/28/2016,247.393,247.393,247.393,247.393,0
01/27/2016,248.401,248.401,248.401,248.401,0
01/26/2016,241.427,241.427,241.427,241.427,0
01/25/2016,235.756,235.756,235.756,235.756,0
01/22/2016,236.154,236.154,236.154,236.154,0
01/21/2016,219.566,219.566,219.566,219.566,0
01/20/2016,217.917,217.917,217.917,217.917,0
01/19/2016,219.646,219.646,219.646,219.646,0
01/15/2016,226.001,226.001,226.001,226.001,0
01/14/2016,239.377,239.377,239.377,239.377,0
01/13/2016,237.72,237.72,237.72,237.72,0
01/12/2016,243.453,243.453,243.453,243.453,0
01/11/2016,248.97,248.97,248.97,248.97,0
01/08/2016,259.568,259.568,259.568,259.568,0
01/07/2016,261.139,261.139,261.139,261.139,0
01/06/2016,265.738,265.738,265.738,265.738,0
01/05/2016,274.593,274.593,274.593,274.593,0
01/04/2016,279.867,279.867,279.867,279.867,0
12/31/2015,284.407,284.407,284.407,284.407,0
12/30/2015,275.735,275.735,275.735,275.735,0
12/29/2015,283.085,283.085,283.085,283.085,0
12/28/2015,277.358,277.358,277.358,277.358,0
12/24/2015,280.511,280.511,280.511,280.511,0
12/23/2015,276.086,276.086,276.086,276.086,0
12/22/2015,271.048,271.048,271.048,271.048,0
12/21/2015,276.796,276.796,276.796,276.796,0
12/18/2015,281.365,281.365,281.365,281.365,0
12/17/2015,283,283,283,283,0
12/16/2015,287.138,287.138,287.138,287.138,0
12/15/2015,290.96,290.96,290.96,290.96,0
12/14/2015,289.278,289.278,289.278,289.278,0
12/11/2015,292.944,292.944,292.944,292.944,0
12/10/2015,298.349,298.349,298.349,298.349,0
12/09/2015,298.737,298.737,298.737,298.737,0
12/08/2015,300.682,300.682,300.682,300.682,0
12/07/2015,297.484,297.484,297.484,297.484,0
12/04/2015,305.635,305.635,305.635,305.635,0
12/03/2015,307.114,307.114,307.114,307.114,0
12/02/2015,302.082,302.082,302.082,302.082,0
12/01/2015,308.985,308.985,308.985,308.985,0
11/30/2015,309.112,309.112,309.112,309.112,0
11/27/2015,307.431,307.431,307.431,307.431,0
11/25/2015,317.876,317.876,317.876,317.876,0
11/24/2015,314.301,314.301,314.301,314.301,0
11/23/2015,311.332,311.332,311.332,311.332,0
11/20/2015,308.583,308.583,308.583,308.583,0
11/19/2015,306.724,306.724,306.724,306.724,0
11/18/2015,308.838,308.838,308.838,308.838,0
11/17/2015,306.28,306.28,306.28,306.28,0
11/16/2015,311.349,311.349,311.349,311.349,0
11/13/2015,310.801,310.801,310.801,310.801,0
11/12/2015,308.718,308.718,308.718,308.718,0
11/11/2015,313.775,313.775,313.775,313.775,0
11/10/2015,322.898,322.898,322.898,322.898,0
11/09/2015,321.243,321.243,321.243,321.243,0
11/06/2015,320.356,320.356,320.356,320.356,0
11/05/2015,321.541,321.541,321.541,321.541,0
11/04/2015,326.592,326.592,326.592,326.592,0
11/03/2015,336.227,336.227,336.227,336.227,0
11/02/2015,331.276,331.276,331.276,331.276,0
10/30/2015,333.006,333.006,333.006,333.006,0
10/29/2015,330.226,330.226,330.226,330.226,0
10/28/2015,332.901,332.901,332.901,332.901,0
10/27/2015,320.83,320.83,320.83,320.83,0
10/26/2015,323.032,323.032,323.032,323.032,0
