Time,Open,High,Low,Last,Change,Volume,"Open Int"
03/24/2020,305,312.75,301,311.75,22,66810,0
03/23/2020,294.75,303.5,281,289.75,-14,69832,150385
03/20/2020,304,327.25,296,303.75,12,99462,148547
03/19/2020,291.5,314,279,291.75,15.5,88809,145780
03/18/2020,298.5,306.5,271,276.25,-28.5,95236,139487
03/17/2020,308.25,318.5,298.5,304.75,-6.25,68642,135490
03/16/2020,351.5,352,303,311,-28.5,91139,136304
03/13/2020,341.25,360.25,337.25,339.5,-1.25,99440,134385
03/12/2020,371,373.75,337.25,340.75,-33.5,144146,138688
03/11/2020,371.25,390.5,365.75,374.25,5.75,98360,134303
03/10/2020,362,381.75,357.25,368.5,8.25,117843,127384
03/09/2020,377.5,377.5,316.5,360.25,-55,156237,122826
03/06/2020,449.5,450.5,414.5,415.25,-41.25,124997,122241
03/05/2020,463.5,466,445.25,456.5,-5.25,88010,125036
03/04/2020,463.75,470.25,457,461.75,2.75,77122,117846
03/03/2020,470.75,472.5,454.5,459,5.75,92950,115424
03/02/2020,438.25,466.25,435.5,453.25,13.5,77584,114231
02/28/2020,443.75,449,435,439.75,-5.25,69213,113207
02/27/2020,453,453.75,436.75,445,-21.5,112496,113492
02/26/2020,476.25,481,449,466.5,-15.75,91835,124631
02/25/2020,489.75,493,472.75,482.25,0,39725,126116
02/24/2020,504,504,478.25,482.25,-22.75,53798,122100
02/21/2020,510,511.75,500.75,505,-11.25,39714,121801
02/20/2020,517,520.75,510.5,516.25,1.5,43786,117630
02/19/2020,503.5,517.5,503.5,514.75,12.25,51418,116779
02/18/2020,507.75,509,500.25,502.5,-5.25,51625,111055
02/17/2020,513.25,514,507.5,507.75,-3.5,23693,105019
02/14/2020,509,514.5,506.5,511.25,1.75,32762,104897
02/13/2020,506.5,513.5,502.5,509.5,4,46008,105590
02/12/2020,496,512.5,495.75,505.5,12,71613,103897
02/11/2020,491.25,499.25,491.25,493.5,2,47488,96210
02/10/2020,497.75,501,488.5,491.5,-12,48142,97894
02/07/2020,507.25,508.25,498.25,503.5,-2.25,40309,92619
02/06/2020,505.25,512.25,500.25,505.75,0,40617,87182
02/05/2020,489.5,511.5,487.25,505.75,13.25,40933,84835
02/04/2020,485,496.25,483.5,492.5,7.25,27194,86897
02/03/2020,495,499.5,482.75,485.25,-16.5,33485,87919
01/31/2020,512.5,514.5,496.25,501.75,-8,41857,89074
01/30/2020,519,519,499.5,509.75,-13.25,53658,85120
01/29/2020,526.25,530.5,517.75,523,-2,37669,75556
01/28/2020,513,528.75,508.25,525,11.25,49406,75794
01/27/2020,532,532,509,513.75,-21.75,59671,80192
01/24/2020,549,551,532.5,535.5,-9.5,23498,83634
01/23/2020,550,550.75,539,545,-7.25,44613,82109
01/22/2020,564,564.25,549.75,552.25,-14.75,46229,82941
01/21/2020,574,574.5,563.25,567,-6.75,25997,79729
01/20/2020,573.5,577.75,571.75,573.75,6.75,14602,76709
01/17/2020,570,573.25,564.75,567,-5.75,39891,75232
01/16/2020,571.75,574.25,568,572.75,1.5,39688,77968
01/15/2020,575,578,568.25,571.25,-4.25,42534,73474
01/14/2020,574,580,570.25,575.5,1.75,34593,72923
01/13/2020,586,586.25,572.5,573.75,-14.5,23413,73784
01/10/2020,588.75,591.5,582.75,588.25,-1,20279,73240
01/09/2020,595.75,596.5,584.5,589.25,-12.5,22576,69566
01/08/2020,626.75,633,588.5,601.75,-10,18998,72236
01/07/2020,611,615.5,606.25,611.75,-1.75,19672,72810
01/06/2020,622.75,631.25,609.25,613.5,-0.75,24091,71881
01/03/2020,606.25,629.25,605,614.25,10.5,26346,71169
01/02/2020,605.25,606.75,601.75,603.75,2,8284,71217
12/31/2019,607.75,610.5,600.75,601.75,-8.75,3644,70189
12/30/2019,611.75,617.5,605,610.5,-2,6068,70027
12/27/2019,611,613.25,609.25,612.5,2.25,5948,69221
12/26/2019,606.5,611,605.75,610.25,7.5,2655,69292
12/24/2019,601,606.25,599.5,602.75,2,2296,69411
12/23/2019,599.75,602.75,597.5,600.75,-0.25,5664,69518
12/20/2019,603.5,606,598,601,-2.75,13752,68620
12/19/2019,600,604.25,598,603.75,5,7232,67432
12/18/2019,599,602.5,597.25,598.75,-2,13244,67252
12/17/2019,594.75,602.25,594,600.75,5.5,10869,66173
12/16/2019,589.75,596.25,589,595.25,8.75,12667,66837
12/13/2019,584,594.5,583.5,586.5,7.25,16950,67137
12/12/2019,576.5,584.75,575.5,579.25,6,23053,64399
12/11/2019,581.25,581.25,571,573.25,-10,14214,57050
12/10/2019,578.5,585.75,575.5,583.25,3.75,10241,54354
12/09/2019,580.25,581.25,574.25,579.5,0,15621,53366
12/06/2019,575.5,586.5,572.5,579.5,3.25,16529,49868
12/05/2019,572.75,579,570,576.25,4.75,11882,50377
12/04/2019,563.5,577.25,562.25,571.5,10,14516,49369
12/03/2019,562.25,565.75,556.75,561.5,-4.5,11674,49527
12/02/2019,561.25,571.5,559.75,566,3.25,8315,49765
11/29/2019,580.75,580.75,558,562.75,-13.25,11555,49336
11/28/2019,576.5,582,575.5,576,-1.5,1696,48099
11/27/2019,579.75,584.75,576,577.5,-2.5,8517,48293
11/26/2019,578.5,583,576.75,580,5.25,9630,47427
11/25/2019,575,578.25,572,574.75,1.25,2548,47146
11/22/2019,575.75,580.75,571.75,573.5,2.25,9260,47018
11/21/2019,562.75,577.75,561,571.25,5,9797,45671
11/20/2019,554.25,568.5,550,566.25,7.25,10933,44002
11/19/2019,564.25,565.5,552,559,-4,8600,43567
11/18/2019,578,578,562.5,563,-12,9789,43179
11/15/2019,570.75,578.75,564.75,575,4.5,9853,43179
11/14/2019,571.25,574.75,567.75,570.5,3.25,10810,43723
11/13/2019,563.75,570.5,558,567.25,0,15136,43694
11/12/2019,569.25,570.25,563.5,567.25,-1.75,15497,41037
11/11/2019,567,571.75,561,569,6,7694,37881
11/08/2019,566.25,569.75,555.25,563,-5.5,13110,36816
11/07/2019,567.25,571.75,565.75,568.5,-1.75,14722,36517
11/06/2019,573.5,578.25,565.25,570.25,-4,8943,37571
11/05/2019,571,577,570.75,574.25,-1,7375,36115
11/04/2019,567.5,576.75,566.25,575.25,15,8447,35878
11/01/2019,551.25,568.5,551.25,560.25,9.25,2870,35400
10/31/2019,558.5,563.25,547.5,551,-11.5,6549,35424
10/30/2019,568.5,571.75,556.75,562.5,-9.75,3379,36629
10/29/2019,570.75,573.75,564.25,572.25,0.5,4771,36794
10/28/2019,576.25,578.75,570.75,571.75,-2.75,3329,37764
10/25/2019,574.25,576.75,568.5,574.5,0.75,5904,37884
10/24/2019,570,576.75,568,573.75,8.5,4762,38141
10/23/2019,560.25,571.25,555.75,565.25,0.75,8258,37730
10/22/2019,557.75,566,556.25,564.5,9.75,8262,37008
10/21/2019,558.25,561,551.25,554.75,-6,3784,36424
10/18/2019,562,564.25,557.25,560.75,4,2306,35195
10/17/2019,558.75,563,554.5,556.75,-2.5,3858,35003
10/16/2019,557.5,562.5,554.5,559.25,-0.25,5571,34364
10/15/2019,556.75,561.25,552.5,559.5,4.75,4141,33820
10/14/2019,567,567,553,554.75,-12.25,4657,33762
10/11/2019,558.25,567.5,557.25,567,15.5,7323,32769
10/10/2019,546.5,558.5,546.25,551.5,-2.75,5235,32671
10/09/2019,547.25,555.5,547,554.25,9.25,3651,32770
10/08/2019,551,551,541.75,545,-7.5,4111,33296
10/07/2019,543.5,555,543,552.5,7.25,4584,32061
10/04/2019,544,549,541.25,545.25,6,3194,32114
10/03/2019,542.75,545.75,532,539.25,-3.25,5701,32396
10/02/2019,555.75,555.75,541.5,542.5,-12.75,3839,32374
10/01/2019,553.75,559.25,549.5,555.25,-4,4821,32489
09/30/2019,565.25,565.25,552.5,559.25,-8.5,3386,31088
09/27/2019,564.5,569.25,557.75,567.75,4.5,7557,30466
09/26/2019,567.5,570,562.25,563.25,-2.75,4155,28883
09/25/2019,568.75,569,560.75,566,-10.75,2548,29077
09/24/2019,581.25,581.25,568.25,576.75,-4.25,3958,29122
09/23/2019,582.5,584.25,575,581,-3.25,2424,28574
09/20/2019,583.25,586,578.25,584.25,2.75,5488,28749
09/19/2019,576.5,588.25,574.75,581.5,1.75,6614,28976
09/18/2019,583.75,584,573.5,579.75,-8,4407,28771
09/17/2019,602.5,605.25,576.5,587.75,-12.5,10966,28831
09/16/2019,580,628.5,580,600.25,44.25,11363,28751
09/13/2019,555.75,557.5,550.5,556,0,1638,28208
09/12/2019,565.5,565.5,549.5,556,-15.25,2262,27654
09/11/2019,576.5,578.25,559.75,571.25,-8.5,3320,27456
09/10/2019,572.5,580,571,579.75,7,2785,27455
09/09/2019,567.75,573.75,564.75,572.75,14.5,2456,27467
09/06/2019,562,564,549.75,558.25,-9.5,1582,27927
09/05/2019,558.25,568.25,557,567.75,11.25,3263,27866
09/04/2019,539.75,559.75,539.75,556.5,20.75,2014,28052
09/03/2019,541.5,541.5,532.25,535.75,-3.75,4557,28060
09/02/2019,546.75,547.25,539.5,539.5,-5,1218,26523
08/30/2019,556,556.5,542.75,544.5,-11.75,1582,26514
08/29/2019,551.75,557.75,551.75,556.25,0.5,2505,26539
08/28/2019,551,557.25,551,555.75,13.75,1211,25802
08/27/2019,541.75,547,541,542,-4,1241,25665
08/26/2019,543,551.25,539.5,546,1.5,644,25523
08/23/2019,550.75,550.75,541.25,544.5,-8.5,922,25542
08/22/2019,553.75,559,551,553,-5.25,710,25497
08/21/2019,556.5,562.75,555.25,558.25,7.75,582,25393
08/20/2019,550,554,548.25,550.5,2.25,787,25323
08/19/2019,546,550.25,546,548.25,2.5,858,25556
08/16/2019,548.75,551.5,543,545.75,0.25,1386,25636
08/15/2019,548.75,550.75,542.25,545.5,-2,1642,25485
08/14/2019,563,563.25,545.75,547.5,-15,1610,25396
08/13/2019,543,566.5,543,562.5,18.25,2481,25570
08/12/2019,543.5,547.5,541.75,544.25,0.25,1853,26213
08/09/2019,536.75,547.5,535.5,544,8.5,2296,26168
08/08/2019,538.75,539.5,531.5,535.5,7,1368,26180
08/07/2019,545,546.5,527.75,528.5,-22.75,2712,25993
08/06/2019,553.5,555,546.75,551.25,-3.75,576,25641
08/05/2019,558.5,561.75,550,555,-10.5,1344,25573
08/02/2019,564.75,571,560.25,565.5,-8.75,741,25463
08/01/2019,583.75,585.25,551.75,574.25,-13.75,1125,25362
07/31/2019,588,589.75,586.5,588,7.5,786,25191
07/30/2019,580.25,586.5,579.5,580.5,3,2401,25235
07/29/2019,574.75,579.5,573.5,577.5,2.5,1460,24345
07/26/2019,576.75,576.75,575,575,-4.5,236,23666
07/25/2019,579.25,581.5,578.25,579.5,-4.25,1033,23626
07/24/2019,582,587.5,574,583.75,7,692,22813
07/23/2019,574,578.5,574,576.75,0.75,1179,22565
07/22/2019,576.75,581.75,574.25,576,8.5,1236,22033
07/19/2019,571,572,566.25,567.5,4.5,537,21829
07/18/2019,574,578.25,563,563,-14.25,1904,21698
07/17/2019,577.25,583.5,572,577.25,-16.5,1061,21207
07/16/2019,591.25,595,574.5,593.75,-2,1784,20682
07/15/2019,595,599,590.25,595.75,-3.5,780,20015
07/12/2019,600,600,596.75,599.25,-2.5,659,19971
07/11/2019,602.75,606.25,600.75,601.75,6.5,2413,19736
07/10/2019,586.5,603.25,586.5,595.25,15.75,2364,19281
07/09/2019,581,582.75,577.5,579.5,-2.75,1955,19060
07/08/2019,580.5,584,578,582.25,5,675,18912
07/05/2019,573.25,579.25,573,577.25,1.75,902,18645
07/04/2019,577,577,573,575.5,1,989,18732
07/03/2019,572.5,578.25,571.75,574.5,-2.25,902,18318
07/02/2019,591.75,591.75,574,576.75,-13.5,996,18049
07/01/2019,599.5,600.5,587.25,590.25,-3,1124,17843
06/28/2019,591,594,583.75,593.25,0.75,302,18090
06/27/2019,592.25,595.25,591,592.5,-2.75,901,18089
06/26/2019,594.75,597.75,590.5,595.25,6.75,1332,17988
06/25/2019,582.25,588.5,582.25,588.5,8.25,615,17750
06/24/2019,588.25,588.25,580.25,580.25,-5.25,519,17520
06/21/2019,587.75,587.75,584.75,585.5,5.75,813,17592
06/20/2019,566.75,582.75,566.75,579.75,17.75,2090,18059
06/19/2019,563.25,566.5,559.5,562,-2.5,1936,17431
06/18/2019,554,564.75,550,564.5,6,1380,16759
06/17/2019,558.5,560.75,553.75,558.5,-4.5,278,16686
06/14/2019,556.5,564.5,556.5,563,3,817,16587
06/13/2019,548.5,564.25,548.5,560,5.5,492,16668
06/12/2019,555,558,549.25,554.5,-10,1036,16805
06/11/2019,563,565.25,562.25,564.5,-0.25,1235,16741
06/10/2019,565,566.5,559.25,564.75,3.75,579,16714
06/07/2019,559,564.25,557,561,14.75,935,16593
06/06/2019,548,551.5,545.5,546.25,1,897,16238
06/05/2019,557.5,559.75,539.5,545.25,-18.25,1955,16331
06/04/2019,559.75,563.5,552.75,563.5,0.75,1895,16381
06/03/2019,561.5,572,558.25,562.75,-12.5,1528,16025
05/31/2019,582.75,582.75,563.25,575.25,-18.25,1554,15882
05/30/2019,600.5,600.5,589.75,593.5,-7.75,749,14884
05/29/2019,604,604,599,601.25,-8,905,14648
05/28/2019,610.25,614.25,609.25,609.25,-0.5,388,14353
05/27/2019,605,609.75,603.75,609.75,12,177,14292
05/24/2019,601,603.5,595.75,597.75,0.75,1095,14227
05/23/2019,610.5,612,594.5,597,-23.25,541,13816
05/22/2019,626.75,626.75,616.75,620.25,-10,795,13528
05/21/2019,630.25,631.25,629.75,630.25,-2,145,13355
05/20/2019,633,634.5,627.25,632.25,-1.75,363,13336
05/17/2019,636,636,631,634,-5,374,13343
05/16/2019,632,640,632,639,7.25,714,13386
05/15/2019,621,631.75,621,631.75,7.25,348,13362
05/14/2019,617.5,627,617.5,624.5,0,584,13258
05/13/2019,626.75,635.5,619,624.5,0.25,489,13201
05/10/2019,624.25,624.25,624.25,624.25,3.75,451,13199
05/09/2019,620.5,620.5,620.5,620.5,-7.25,231,13109
05/08/2019,627.75,627.75,627.75,627.75,5.25,609,13051
05/07/2019,627.75,627.75,622.5,622.5,-4,946,12958
05/06/2019,626.5,626.5,626.5,626.5,-4.25,203,12756
05/03/2019,627,630.75,627,630.75,7.25,749,12742
05/02/2019,623.5,623.5,623.5,623.5,-9.5,1176,12457
05/01/2019,633,633,633,633,-3.5,555,12075
04/30/2019,636.5,636.5,636.5,636.5,4.5,284,11929
04/29/2019,632,632,632,632,6.25,884,11922
04/26/2019,625.75,625.75,625.75,625.75,-20.75,371,12278
04/25/2019,646.5,646.5,646.5,646.5,0.75,74,12377
04/24/2019,645.75,645.75,645.75,645.75,-2.75,335,12420
04/23/2019,654,654,648.5,648.5,-1,145,12431
04/22/2019,649.5,649.5,649.5,649.5,11.75,372,12417
04/18/2019,637.25,637.75,637.25,637.75,0.25,25,12420
04/17/2019,637.5,637.5,637.5,637.5,1.5,200,12428
04/16/2019,636,636,636,636,1,541,12444
04/15/2019,635,635,635,635,-3.75,12,12287
04/12/2019,638.75,638.75,638.75,638.75,1.25,63,12284
04/11/2019,637.5,637.5,637.5,637.5,2,61,12317
04/10/2019,635.25,635.5,635.25,635.5,3.75,1075,12337
04/09/2019,631.75,631.75,631.75,631.75,-0.5,1294,12183
04/08/2019,631.75,633.75,631.5,632.25,6.25,432,12194
04/05/2019,626,626,626,626,0.25,870,12221
04/04/2019,628.25,631.5,625.75,625.75,3.75,796,11916
04/03/2019,628,632.25,621,622,-2.75,507,11703
04/02/2019,624.75,624.75,624.75,624.75,5.5,330,11596
04/01/2019,618.75,625,618.5,619.25,2.75,832,11466
03/29/2019,616.5,616.5,616.5,616.5,4.75,512,11314
03/28/2019,611.75,611.75,611.75,611.75,-7,202,11002
03/27/2019,618.75,618.75,618.75,618.75,-0.25,260,11008
03/26/2019,619,619,619,619,1.5,231,10892
03/25/2019,617.5,617.5,617.5,617.5,6.75,419,10775
03/22/2019,610.75,610.75,610.75,610.75,-11.25,301,10551
03/21/2019,622,622,622,622,-5.25,85,10525
03/20/2019,627.25,627.25,627.25,627.25,7.5,677,10495
03/19/2019,619.75,619.75,619.75,619.75,1.25,276,10042
03/18/2019,618.5,618.5,618.5,618.5,0.5,113,10014
03/15/2019,618,618,618,618,-3,207,9989
03/14/2019,621,621,621,621,0.5,324,9968
03/13/2019,620.5,620.5,620.5,620.5,3.5,173,9919
03/12/2019,617,617,617,617,-0.25,176,9906
03/11/2019,617.25,617.25,617.25,617.25,10.5,110,9751
03/08/2019,606.75,606.75,606.75,606.75,-10,210,9778
03/07/2019,616.75,616.75,616.75,616.75,0,309,9689
03/06/2019,617.75,618,616.75,616.75,-3,104,9564
03/05/2019,619.75,619.75,619.75,619.75,0.5,808,9587
03/04/2019,619.25,619.25,619.25,619.25,5.75,123,9126
03/01/2019,613.5,613.5,613.5,613.5,-7.5,111,9080
02/28/2019,621,621,621,621,-2,308,9073
02/27/2019,623,623,623,623,6.25,33,9032
02/26/2019,616.75,616.75,616.75,616.75,5.5,121,9019
02/25/2019,615.75,615.75,611.25,611.25,-13.5,153,9064
02/22/2019,624.75,624.75,624.75,624.75,-1,239,9041
02/21/2019,625.75,625.75,625.75,625.75,2,38,8808
02/20/2019,623.75,623.75,623.75,623.75,6.5,125,8837
02/19/2019,617.25,617.25,617.25,617.25,-4.75,207,8842
02/18/2019,622,622,622,622,5.5,73,8921
02/15/2019,616.5,616.5,616.5,616.5,14.5,241,8978
02/14/2019,602,602,599.75,602,2.25,1159,8963
02/13/2019,599.75,599.75,599.75,599.75,7.25,993,8769
02/12/2019,592.5,592.5,592.5,592.5,7,107,8510
02/11/2019,590,590,585.5,585.5,-4.25,245,8499
02/08/2019,591,591,589.75,589.75,2.75,274,8589
02/07/2019,587,587,587,587,-8,161,8346
02/06/2019,595,595,595,595,3.25,188,8314
02/05/2019,591.75,591.75,591.75,591.75,1.75,126,8236
02/04/2019,590,590,590,590,1,162,8142
02/01/2019,589,589,589,589,-3.25,394,8146
01/31/2019,592.25,592.25,592.25,592.25,1,266,8126
01/30/2019,591.25,591.25,591.25,591.25,4.5,743,8142
01/29/2019,586.75,586.75,586.75,586.75,13.25,698,7949
01/28/2019,573.5,573.5,573.5,573.5,-10.75,642,7586
01/25/2019,584.25,584.25,584.25,584.25,2,174,7168
01/24/2019,582.25,582.25,582.25,582.25,-1,347,7149
01/23/2019,583.25,583.25,583.25,583.25,2.5,55,7234
01/22/2019,580.75,580.75,580.75,580.75,-5.5,139,7235
01/21/2019,586.25,586.25,586.25,586.25,-0.5,58,7276
01/18/2019,586.75,586.75,586.75,586.75,8,646,7270
01/17/2019,578.75,578.75,578.75,578.75,-4.5,129,7226
01/16/2019,583.25,583.25,583.25,583.25,9,706,7196
01/15/2019,574.25,574.25,574.25,574.25,-5.25,568,7109
01/14/2019,579.5,579.5,579.5,579.5,-3.75,157,6952
01/11/2019,583.25,583.25,583.25,583.25,-4.5,440,6956
01/10/2019,587.75,587.75,587.75,587.75,6,499,6918
01/09/2019,581.75,581.75,581.75,581.75,14.25,560,6690
01/08/2019,567.5,567.5,567.5,567.5,3.5,307,6691
01/07/2019,564,564,564,564,10.75,225,6681
01/04/2019,553.25,553.25,553.25,553.25,13.25,607,6684
01/03/2019,540,540,540,540,-7,322,6538
01/02/2019,547,547,547,547,8,255,6628
12/31/2018,539,539,539,539,12.5,0,6528
12/28/2018,526.5,526.5,526.5,526.5,-8.5,340,6528
12/27/2018,535,535,535,535,3.25,0,6550
12/26/2018,531.75,531.75,531.75,531.75,-9.75,12,6550
12/24/2018,541.5,541.5,541.5,541.5,-1.75,51,6551
12/21/2018,543.25,543.25,543.25,543.25,-5.5,424,6520
12/20/2018,548.75,548.75,548.75,548.75,-12,884,6173
12/19/2018,560.75,560.75,560.75,560.75,3.75,606,6068
12/18/2018,557,573.75,557,557,-16.75,235,5577
12/17/2018,573.75,573.75,573.75,573.75,-3.75,127,5446
12/14/2018,577.5,577.5,577.5,577.5,-0.75,107,5418
12/13/2018,578.25,578.25,578.25,578.25,-4.75,72,5337
12/12/2018,583,583,583,583,3,4,5300
12/11/2018,580,580,580,580,-1,17,5300
12/10/2018,581,581,581,581,-15.5,59,5295
12/07/2018,577.75,596.5,577.75,596.5,25.75,269,5267
12/06/2018,586,586,570.75,570.75,-25,287,5114
12/05/2018,595.75,595.75,595.75,595.75,3.25,597,4974
12/04/2018,592.5,592.5,592.5,592.5,9,125,4644
12/03/2018,592,592,583.5,583.5,12.75,243,4571
11/30/2018,570.75,570.75,570.75,570.75,-12,217,4419
11/29/2018,582.75,582.75,582.75,582.75,-0.5,234,4373
11/28/2018,583.25,583.25,583.25,583.25,-5.25,326,4362
11/27/2018,588.5,588.5,588.5,588.5,-2.5,2130,4215
11/26/2018,591,591,591,591,7.75,329,3907
11/23/2018,583.25,583.25,583.25,583.25,-21.5,383,3720
11/22/2018,604.75,604.75,604.75,604.75,-5.5,396,3687
11/21/2018,610.25,610.25,610.25,610.25,0.5,316,3682
11/20/2018,609.75,609.75,609.75,609.75,-16,378,3475
11/19/2018,625.75,625.75,625.75,625.75,-3.75,75,3427
11/16/2018,629.5,629.5,629.5,629.5,-4.75,98,3416
11/15/2018,634.25,634.25,634.25,634.25,-2.5,122,3498
11/14/2018,636.75,636.75,636.75,636.75,0.75,204,3536
11/13/2018,636,636,636,636,-24.5,277,3488
11/12/2018,660.5,660.5,660.5,660.5,6.75,147,3556
11/09/2018,653.75,653.75,653.75,653.75,-10.75,158,3611
11/08/2018,664.5,664.5,664.5,664.5,-0.25,156,3697
11/07/2018,664.75,664.75,664.75,664.75,7.5,235,3632
11/06/2018,657.25,657.25,657.25,657.25,-6,155,3511
11/05/2018,663.25,663.25,663.25,663.25,4.5,316,3378
11/02/2018,658.75,658.75,658.75,658.75,-2.25,79,3257
11/01/2018,661,661,661,661,-21.5,102,3231
10/31/2018,682.5,682.5,682.5,682.5,0.25,186,3273
10/30/2018,682.25,682.25,682.25,682.25,-5.5,68,3153
10/29/2018,687.75,687.75,687.75,687.75,1.25,25,3110
10/26/2018,686.5,686.5,686.5,686.5,0.75,76,3099
10/25/2018,685.75,685.75,685.75,685.75,4.25,86,3124
10/24/2018,681.5,681.5,681.5,681.5,-4.25,128,3068
10/23/2018,685.75,685.75,685.75,685.75,-10.25,281,3111
10/22/2018,696,696,696,696,1.25,10,3069
10/19/2018,694.75,694.75,694.75,694.75,-2,750,3069
10/18/2018,696.75,696.75,696.75,696.75,-1,135,3064
10/17/2018,697.75,697.75,697.75,697.75,-3.75,66,2980
10/16/2018,701.5,701.5,701.5,701.5,-0.25,39,3028
10/15/2018,701.75,701.75,701.75,701.75,0.75,5,3020
10/12/2018,701,701,701,701,-2.25,0,3019
10/11/2018,703.25,703.25,703.25,703.25,-15.5,130,3019
10/10/2018,718.75,718.75,718.75,718.75,-5.75,68,3020
10/09/2018,724.5,724.5,724.5,724.5,8,27,2992
10/08/2018,716.5,716.5,716.5,716.5,-5.75,162,2983
10/05/2018,722.25,722.25,722.25,722.25,-3,9,2983
10/04/2018,725.25,725.25,725.25,725.25,3.5,491,2983
10/03/2018,721.75,721.75,721.75,721.75,-0.75,32,2943
10/02/2018,722.5,722.5,722.5,722.5,8,1154,2943
10/01/2018,714.5,714.5,714.5,714.5,8.25,111,3416
09/28/2018,706.25,706.25,706.25,706.25,10.75,204,3403
09/27/2018,695.5,695.5,695.5,695.5,0.25,210,3424
09/26/2018,695.25,695.25,695.25,695.25,-1,0,3424
09/25/2018,696.25,696.25,696.25,696.25,9,53,3424
09/24/2018,687.25,687.25,687.25,687.25,9.25,0,3425
09/21/2018,678,678,678,678,-1,0,3425
09/20/2018,679,679,679,679,-2.75,0,3425
09/19/2018,681.75,681.75,681.75,681.75,1.75,64,3425
09/18/2018,680,680,680,680,2.25,100,3424
09/17/2018,677.75,677.75,677.75,677.75,2.75,10,3324
09/14/2018,675,675,675,675,0.75,9,3324
09/13/2018,674.25,674.25,674.25,674.25,-9,150,3318
09/12/2018,683.25,683.25,683.25,683.25,6.5,6,3208
09/11/2018,676.75,676.75,676.75,676.75,6,0,3208
09/10/2018,670.75,670.75,670.75,670.75,5.5,0,3208
09/07/2018,665.25,665.25,665.25,665.25,-0.25,0,3208
09/06/2018,665.5,665.5,665.5,665.5,-6.5,0,3208
09/05/2018,672,672,672,672,-7.75,1,3208
09/04/2018,679.75,679.75,679.75,679.75,1,61,3209
09/03/2018,678.75,678.75,678.75,678.75,2,12,3188
08/31/2018,676.75,676.75,676.75,676.75,2,0,3188
08/30/2018,674.75,674.75,674.75,674.75,4,46,3188
08/29/2018,670.75,670.75,670.75,670.75,0.25,43,3171
08/28/2018,670.5,670.5,670.5,670.5,2.5,5,3168
08/27/2018,668,668,668,668,-1.5,0,3168
08/24/2018,669.5,669.5,669.5,669.5,8.25,64,3168
08/23/2018,661.25,661.25,661.25,661.25,2.75,70,3149
08/22/2018,658.5,658.5,658.5,658.5,10.25,13,3108
08/21/2018,648.25,648.25,648.25,648.25,3.5,9,3108
08/20/2018,644.75,644.75,644.75,644.75,-1.5,32,3112
08/17/2018,646.25,646.25,646.25,646.25,4.25,22,3082
08/16/2018,642,642,642,642,5.75,12,3063
08/15/2018,636.25,636.25,636.25,636.25,-13,526,3053
08/14/2018,649.25,649.25,649.25,649.25,-0.25,342,2832
08/13/2018,649.5,649.5,649.5,649.5,-3.5,48,2778
08/10/2018,653,653,653,653,6,91,2796
08/09/2018,647,647,647,647,-0.75,32,2768
08/08/2018,647.75,647.75,647.75,647.75,-11.25,5,2748
08/07/2018,659,659,659,659,2,5,2748
08/06/2018,657,657,657,657,5.25,12,2748
08/03/2018,651.75,651.75,651.75,651.75,3.25,4,2742
08/02/2018,648.5,648.5,648.5,648.5,6.25,576,2738
08/01/2018,642.25,642.25,642.25,642.25,-15.5,2,2819
07/31/2018,657.75,657.75,657.75,657.75,-6.5,30,2819
07/30/2018,664.25,664.25,664.25,664.25,0.25,0,2798
07/27/2018,664,664,664,664,0.75,144,2798
07/26/2018,663.25,663.25,663.25,663.25,5,0,2798
07/25/2018,658.25,658.25,658.25,658.25,1.5,0,2798
07/24/2018,656.75,656.75,656.75,656.75,5.25,0,2798
07/23/2018,651.5,651.5,651.5,651.5,7.5,2,2798
07/20/2018,644,644,644,644,-0.25,270,2797
07/19/2018,644.25,644.25,644.25,644.25,6.25,0,2560
07/18/2018,638,638,638,638,-1.75,0,2560
07/17/2018,639.75,639.75,639.75,639.75,-0.25,14,2560
07/16/2018,640,640,640,640,-16.25,118,2546
07/13/2018,656.25,656.25,656.25,656.25,7.75,144,2544
07/12/2018,648.5,648.5,648.5,648.5,-13.75,422,2495
07/11/2018,662.25,662.25,662.25,662.25,-8.25,0,2364
07/10/2018,670.5,670.5,670.5,670.5,2.75,139,2364
07/09/2018,667.75,667.75,667.75,667.75,7,0,2314
07/06/2018,660.75,660.75,660.75,660.75,-3,13,2314
07/05/2018,663.75,663.75,663.75,663.75,2.5,130,2314
07/04/2018,661.25,661.25,661.25,661.25,8.5,0,2214
07/03/2018,652.75,652.75,652.75,652.75,-6,16,2214
07/02/2018,658.75,658.75,658.75,658.75,-9.5,28,2212
06/29/2018,668.25,668.25,668.25,668.25,5.75,121,2212
06/28/2018,662.5,662.5,662.5,662.5,-4,147,2152
06/27/2018,666.5,666.5,666.5,666.5,16.25,17,2114
06/26/2018,650.25,650.25,650.25,650.25,3.75,0,2106
06/25/2018,646.5,646.5,646.5,646.5,-0.75,0,2106
06/22/2018,647.25,647.25,647.25,647.25,9.75,11,2106
06/21/2018,637.5,637.5,637.5,637.5,-9.25,0,2106
06/20/2018,646.75,646.75,646.75,646.75,1,97,2106
06/19/2018,645.75,645.75,645.75,645.75,0.25,10,2106
06/18/2018,645.5,645.5,645.5,645.5,5.25,57,2096
06/15/2018,640.25,640.25,640.25,640.25,-17.5,52,2099
06/14/2018,657.75,657.75,657.75,657.75,-2,51,2101
06/13/2018,659.75,659.75,659.75,659.75,0,51,2098
06/12/2018,659.75,659.75,659.75,659.75,0.75,0,2088
06/11/2018,659,659,659,659,-1,17,2088
06/08/2018,660,660,660,660,-0.25,10,2088
06/07/2018,660.25,660.25,660.25,660.25,10.5,71,2088
06/06/2018,649.75,649.75,649.75,649.75,-2.25,19,2092
06/05/2018,652,652,652,652,-6.5,127,2075
06/04/2018,658.5,658.5,658.5,658.5,-3.5,201,2007
06/01/2018,662,662,662,662,-9.25,0,2053
05/31/2018,671.25,671.25,671.25,671.25,3.25,0,2053
05/30/2018,668,668,668,668,11.25,79,2053
05/29/2018,656.75,656.75,656.75,656.75,0,140,2004
05/28/2018,656.75,656.75,656.75,656.75,-6.25,0,1909
05/25/2018,663,663,663,663,-14,30,1909
05/24/2018,677,677,677,677,0,0,1909
05/23/2018,677,677,677,677,-5.75,112,1909
05/22/2018,682.75,682.75,682.75,682.75,8.25,17,1883
05/21/2018,674.5,674.5,674.5,674.5,-0.25,25,1866
05/18/2018,674.75,674.75,674.75,674.75,-1,189,1857
05/17/2018,675.75,675.75,675.75,675.75,15.25,1,1706
05/16/2018,660.5,660.5,660.5,660.5,0,3,1705
05/15/2018,660.5,660.5,660.5,660.5,7.75,49,1705
05/14/2018,652.75,652.75,652.75,652.75,3.5,51,1658
05/11/2018,649.25,649.25,649.25,649.25,4.5,0,1655
05/10/2018,644.75,644.75,644.75,644.75,0.25,0,1655
05/09/2018,644.5,644.5,644.5,644.5,21,0,1655
05/08/2018,623.5,623.5,623.5,623.5,-14.25,0,1655
05/07/2018,637.75,637.75,637.75,637.75,12.5,0,1655
05/04/2018,625.25,625.25,625.25,625.25,8.25,2,1655
05/03/2018,617,617,617,617,3.75,0,1655
05/02/2018,613.25,613.25,613.25,613.25,-4,5,1655
05/01/2018,617.25,617.25,617.25,617.25,-2.25,205,1658
04/30/2018,619.5,619.5,619.5,619.5,3.25,4,1596
04/27/2018,616.25,616.25,616.25,616.25,0.25,21,1596
04/26/2018,616,616,616,616,2.25,0,1611
04/25/2018,613.75,613.75,613.75,613.75,-5,0,1611
04/24/2018,618.75,618.75,618.75,618.75,5.25,250,1611
04/23/2018,613.5,613.5,613.5,613.5,5.75,0,1611
04/20/2018,607.75,607.75,607.75,607.75,-6,1,1611
04/19/2018,613.75,613.75,613.75,613.75,9,1191,1611
04/18/2018,604.75,604.75,604.75,604.75,5.5,0,850
04/17/2018,599.25,599.25,599.25,599.25,1,0,850
04/16/2018,598.25,598.25,598.25,598.25,-1.75,0,850
04/13/2018,600,600,600,600,2.5,0,850
04/12/2018,597.5,597.5,597.5,597.5,-6,0,850
04/11/2018,603.5,603.5,603.5,603.5,9.5,0,850
04/10/2018,594,594,594,594,8.75,0,850
04/09/2018,585.25,585.25,585.25,585.25,5.75,0,850
04/06/2018,579.5,579.5,579.5,579.5,-5,1,850
04/05/2018,584.5,584.5,584.5,584.5,4,39,849
04/04/2018,580.5,580.5,580.5,580.5,-2,0,849
04/03/2018,582.5,582.5,582.5,582.5,-1.25,0,849
04/02/2018,583.75,583.75,583.75,583.75,-6.5,0,849
03/29/2018,590.25,590.25,590.25,590.25,1.5,0,849
03/28/2018,588.75,588.75,588.75,588.75,0.75,0,849
03/27/2018,588,588,588,588,0.5,0,849
03/26/2018,587.5,587.5,587.5,587.5,0.5,200,849
03/23/2018,587,587,587,587,3.25,0,849
03/22/2018,583.75,583.75,583.75,583.75,0,0,849
03/21/2018,583.75,583.75,583.75,583.75,10,136,849
03/20/2018,573.75,573.75,573.75,573.75,4.5,100,749
03/19/2018,569.25,569.25,569.25,569.25,0.75,96,749
03/16/2018,568.5,568.5,568.5,568.5,4.25,2,749
03/15/2018,564.25,564.25,564.25,564.25,1,0,748
03/14/2018,563.25,563.25,563.25,563.25,1.25,0,748
03/13/2018,562,562,562,562,-0.25,0,748
03/12/2018,562.25,562.25,562.25,562.25,-2.25,0,748
03/09/2018,564.5,564.5,564.5,564.5,8,261,748
03/08/2018,556.5,556.5,556.5,556.5,-4.5,0,865
03/07/2018,561,561,561,561,-0.5,0,865
03/06/2018,561.5,561.5,561.5,561.5,-0.25,0,865
03/05/2018,561.75,561.75,561.75,561.75,12.25,0,865
03/02/2018,549.5,549.5,549.5,549.5,1,0,865
03/01/2018,548.5,548.5,548.5,548.5,-11.25,0,865
02/28/2018,559.75,559.75,559.75,559.75,-10,0,865
02/27/2018,569.75,569.75,569.75,569.75,-1.25,0,865
02/26/2018,571,571,571,571,6.25,0,865
02/23/2018,564.75,564.75,564.75,564.75,3.25,468,865
02/22/2018,561.5,561.5,561.5,561.5,5.5,0,479
02/21/2018,556,556,556,556,0.75,0,479
02/20/2018,555.25,555.25,555.25,555.25,1.25,0,479
02/19/2018,554,554,554,554,4.5,0,479
02/16/2018,549.5,549.5,549.5,549.5,5.75,0,479
02/15/2018,543.75,543.75,543.75,543.75,-0.25,38,479
02/14/2018,544,544,544,544,5,10,517
02/13/2018,539,539,539,539,-4,0,507
02/12/2018,543,543,543,543,1.75,280,507
02/09/2018,541.25,541.25,541.25,541.25,-8,0,327
02/08/2018,549.25,549.25,549.25,549.25,-6.5,0,327
02/07/2018,555.75,555.75,555.75,555.75,-7,200,327
02/06/2018,562.75,562.75,562.75,562.75,-8.25,0,127
02/05/2018,571,571,571,571,0.25,0,127
02/02/2018,570.75,570.75,570.75,570.75,-6.25,0,127
02/01/2018,577,577,577,577,3.25,0,127
01/31/2018,573.75,573.75,573.75,573.75,-1.5,0,127
01/30/2018,575.25,575.25,575.25,575.25,-2.5,0,127
01/29/2018,577.75,577.75,577.75,577.75,-6.25,0,127
01/26/2018,584,584,584,584,-2,0,127
01/25/2018,586,586,586,586,4.25,5,127
01/24/2018,581.75,581.75,581.75,581.75,-0.5,0,132
01/23/2018,582.25,582.25,582.25,582.25,2.75,100,132
01/22/2018,579.5,579.5,579.5,579.5,5.5,0,132
01/19/2018,574,574,574,574,-2.5,0,132
01/18/2018,576.5,576.5,576.5,576.5,0.75,0,132
01/17/2018,575.75,575.75,575.75,575.75,0.75,0,132
01/16/2018,575,575,575,575,-1.5,0,132
01/15/2018,576.5,576.5,576.5,576.5,5,0,132
01/12/2018,571.5,571.5,571.5,571.5,-0.25,0,132
01/11/2018,571.75,571.75,571.75,571.75,0.25,0,132
01/10/2018,571.5,571.5,571.5,571.5,2.5,0,132
01/09/2018,569,569,569,569,3.75,0,132
01/08/2018,565.25,565.25,565.25,565.25,2.5,0,132
01/05/2018,562.75,562.75,562.75,562.75,2.75,0,132
01/04/2018,560,560,560,560,-1,0,132
01/03/2018,561,561,561,561,3.5,0,132
01/02/2018,557.5,557.5,557.5,557.5,5.25,0,132
12/29/2017,552.25,552.25,552.25,552.25,-6,0,132
12/28/2017,558.25,558.25,558.25,558.25,1.25,0,132
12/27/2017,557,557,557,557,-7.25,0,132
12/26/2017,564.25,564.25,564.25,564.25,15.75,0,132
12/22/2017,548.5,548.5,548.5,548.5,-1.25,0,132
12/21/2017,549.75,549.75,549.75,549.75,0.75,0,132
12/20/2017,549,549,549,549,5,0,132
12/19/2017,544,544,544,544,0.5,0,132
12/18/2017,543.5,543.5,543.5,543.5,5.75,0,132
12/15/2017,537.75,538,537.75,537.75,-0.25,0,132
12/14/2017,538,538,538,538,2.5,0,132
12/13/2017,535.5,535.5,535.5,535.5,-7.5,0,132
12/12/2017,543,543,543,543,-3.5,0,132
12/11/2017,546.5,546.5,546.5,546.5,2.75,0,132
12/08/2017,543.75,543.75,543.75,543.75,6.75,0,132
12/07/2017,537,537,537,537,4,0,132
12/06/2017,533,533,533,533,-7,0,132
12/05/2017,540,540,540,540,3,0,132
12/04/2017,537,537,537,537,-7.75,0,132
12/01/2017,544.75,544.75,544.75,544.75,4.75,0,132
11/30/2017,540,540,540,540,-0.75,0,132
11/29/2017,540.75,540.75,540.75,540.75,-3,0,132
11/28/2017,543.75,543.75,543.75,543.75,3,0,132
11/27/2017,540.75,540.75,540.75,540.75,2.5,0,132
11/24/2017,538.25,538.25,538.25,538.25,0.5,0,132
11/23/2017,537.75,537.75,537.75,537.75,2.25,0,132
11/22/2017,535.5,535.5,535.5,535.5,1.25,0,132
11/21/2017,534.25,534.25,534.25,534.25,0.25,0,132
11/20/2017,534,534,534,534,-5.5,0,132
11/17/2017,539.5,539.5,539.5,539.5,1.25,0,132
11/16/2017,538.25,538.25,538.25,538.25,-0.5,0,132
11/15/2017,538.75,538.75,538.75,538.75,0.25,0,132
11/14/2017,538.5,538.5,538.5,538.5,-10.75,0,132
11/13/2017,549.25,549.25,549.25,549.25,1.5,0,132
11/10/2017,547.75,547.75,547.75,547.75,1.75,0,132
11/09/2017,546,546,546,546,3.25,0,132
11/08/2017,542.75,542.75,542.75,542.75,4.25,0,132
11/07/2017,538.5,538.5,538.5,538.5,3.25,0,132
11/06/2017,535.25,535.25,535.25,535.25,7.5,0,132
11/03/2017,527.75,527.75,527.75,527.75,1.5,5,132
11/02/2017,526.25,526.25,526.25,526.25,-3.5,0,137
11/01/2017,529.75,529.75,529.75,529.75,-1.75,0,137
10/31/2017,531.5,531.5,531.5,531.5,2.5,0,137
10/30/2017,529,529,529,529,1.75,0,137
10/27/2017,527.25,527.25,527.25,527.25,4.75,0,137
10/26/2017,522.5,522.5,522.5,522.5,2.75,0,137
10/25/2017,519.75,519.75,519.75,519.75,2.75,0,137
10/24/2017,517,517,517,517,1.75,0,137
10/23/2017,515.25,515.25,515.25,515.25,-3,0,137
10/20/2017,518.25,518.25,518.25,518.25,2.5,0,137
10/19/2017,515.75,515.75,515.75,515.75,2,0,137
10/18/2017,513.75,513.75,513.75,513.75,-1.75,0,137
10/17/2017,515.5,515.5,515.5,515.5,0,0,137
10/16/2017,515.5,515.5,515.5,515.5,0.25,0,137
10/13/2017,515.25,515.25,515.25,515.25,5.25,0,137
10/12/2017,510,510,510,510,-1.25,0,137
10/11/2017,511.25,511.25,511.25,511.25,-2.25,0,137
10/10/2017,513.5,513.5,513.5,513.5,6.25,0,137
10/09/2017,507.25,507.25,507.25,507.25,1.25,0,137
10/06/2017,506,506,506,506,-12.25,0,137
10/05/2017,518.25,518.25,518.25,518.25,5.5,0,137
10/04/2017,512.75,512.75,512.75,512.75,2.25,0,137
10/03/2017,510.5,510.5,510.5,510.5,1.25,0,137
10/02/2017,509.25,509.25,509.25,509.25,-8,0,137
09/29/2017,517.25,517.25,517.25,517.25,0,0,137
09/28/2017,517.25,517.25,517.25,517.25,-1.5,0,137
09/27/2017,518.75,518.75,518.75,518.75,1.5,0,137
09/26/2017,517.25,517.25,517.25,517.25,-3.5,0,137
09/25/2017,520.75,520.75,520.75,520.75,7,0,137
09/22/2017,513.75,513.75,513.75,513.75,-1,0,137
09/21/2017,514.75,514.75,514.75,514.75,1.25,0,137
09/20/2017,513.5,513.5,513.5,513.5,1,0,137
09/19/2017,512.5,512.5,512.5,512.5,0.75,0,137
09/18/2017,511.75,511.75,511.75,511.75,-4,0,137
09/15/2017,515.75,515.75,515.75,515.75,3,0,137
09/14/2017,512.75,512.75,512.75,512.75,2,0,137
09/13/2017,510.75,510.75,510.75,510.75,1.75,0,137
09/12/2017,509,509,509,509,3.75,5,137
09/11/2017,505.25,505.25,505.25,505.25,-0.75,0,132
09/08/2017,506,506,506,506,-3.25,0,132
09/07/2017,509.25,509.25,509.25,509.25,-2.75,0,132
09/06/2017,512,512,512,512,2.25,0,132
09/05/2017,509.75,509.75,509.75,509.75,6.75,0,132
09/04/2017,503,503,503,503,-2.75,0,132
09/01/2017,505.75,505.75,505.75,505.75,2.25,0,132
08/31/2017,503.5,503.5,503.5,503.5,5.75,0,132
08/30/2017,497.75,497.75,497.75,497.75,3.75,0,132
08/29/2017,494,494,494,494,-0.5,0,132
08/28/2017,494.5,494.5,494.5,494.5,-0.5,0,132
08/25/2017,495,495,495,495,-3,0,132
08/24/2017,498,498,498,498,-0.75,0,132
08/23/2017,498.75,498.75,498.75,498.75,4.25,0,132
08/22/2017,494.5,494.5,494.5,494.5,3.75,0,132
08/21/2017,490.75,490.75,490.75,490.75,0,0,132
08/18/2017,490.75,490.75,490.75,490.75,3.25,0,132
08/17/2017,487.5,487.5,487.5,487.5,-0.25,0,132
08/16/2017,487.75,487.75,487.75,487.75,0,0,132
08/15/2017,487.75,487.75,487.75,487.75,-6.5,20,132
08/14/2017,494.25,494.25,494.25,494.25,1.5,0,132
08/11/2017,492.75,492.75,492.75,492.75,-4.5,0,132
08/10/2017,497.25,497.25,497.25,497.25,-4.5,0,132
08/09/2017,501.75,501.75,501.75,501.75,-4.25,0,132
08/08/2017,506,506,506,506,4.75,0,132
08/07/2017,501.25,501.25,501.25,501.25,-4.5,0,132
08/04/2017,505.75,505.75,505.75,505.75,-1,0,132
08/03/2017,506.75,506.75,506.75,506.75,0.5,0,132
08/02/2017,506.25,506.25,506.25,506.25,5.5,0,132
08/01/2017,500.75,500.75,500.75,500.75,-4.25,0,132
07/31/2017,505,505,505,505,2.5,0,132
07/28/2017,502.5,502.5,502.5,502.5,1.75,0,132
07/27/2017,500.75,500.75,500.75,500.75,2.25,0,132
07/26/2017,498.5,498.5,498.5,498.5,4.25,0,132
07/25/2017,494.25,494.25,494.25,494.25,6.5,0,132
07/24/2017,487.75,487.75,487.75,487.75,0.5,0,132
07/21/2017,487.25,487.25,487.25,487.25,-5.75,0,132
07/20/2017,493,493,493,493,-0.75,0,132
07/19/2017,493.75,493.75,493.75,493.75,4,0,132
07/18/2017,489.75,489.75,489.75,489.75,-2.25,0,132
07/17/2017,492,492,492,492,1.5,0,132
07/14/2017,490.5,490.5,490.5,490.5,0,0,132
07/13/2017,490.5,490.5,490.5,490.5,4.75,0,132
07/12/2017,485.75,485.75,485.75,485.75,2.25,0,132
07/11/2017,483.5,483.5,483.5,483.5,2,0,132
07/10/2017,481.5,481.5,481.5,481.5,2.5,0,132
07/07/2017,479,479,479,479,-13,0,132
07/06/2017,492,492,492,492,4,0,132
07/05/2017,488,488,488,488,-10.25,0,132
07/04/2017,498.25,498.25,498.25,498.25,0.25,0,132
07/03/2017,498,498,498,498,8.75,0,132
06/30/2017,489.25,489.25,489.25,489.25,4.25,75,132
06/29/2017,485,485,485,485,2.75,0,132
06/28/2017,482.25,482.25,482.25,482.25,3,0,132
06/27/2017,479.25,479.25,479.25,479.25,6.75,112,132
06/26/2017,472.5,472.5,472.5,472.5,0.25,0,20
06/23/2017,472.25,472.25,472.25,472.25,-3.75,20,20
06/22/2017,476,476,476,476,-1,0,0
06/21/2017,477,477,477,477,1,0,0
06/20/2017,476,476,476,476,-7,0,0
06/19/2017,483,483,483,483,1,0,0
06/16/2017,482,482,482,482,1,0,0
06/15/2017,481,481,481,481,7.75,0,0
06/14/2017,473.25,473.25,473.25,473.25,-6.75,0,0
06/13/2017,480,480,480,480,-4.25,0,0
06/12/2017,484.25,484.25,484.25,484.25,2,0,0
06/09/2017,482.25,482.25,482.25,482.25,3,0,0
06/08/2017,479.25,479.25,479.25,479.25,3,0,0
06/07/2017,476.25,476.25,476.25,476.25,-4.5,0,0
06/06/2017,480.75,480.75,480.75,480.75,-0.25,0,0
06/05/2017,481,481,481,481,-4,0,0
06/02/2017,485,485,485,485,-6.75,0,0
06/01/2017,491.75,491.75,491.75,491.75,3.75,0,0
05/31/2017,488,488,488,488,-6.75,0,0
05/30/2017,494.75,494.75,494.75,494.75,-5.25,0,0
05/29/2017,500,500,500,500,4.25,0,0
05/26/2017,495.75,495.75,495.75,495.75,-5.75,0,0
05/25/2017,501.5,501.5,501.5,501.5,-6.25,0,0
05/24/2017,507.75,507.75,507.75,507.75,-0.25,0,0
05/23/2017,508,508,508,508,2,0,0
05/22/2017,506,506,506,506,2.75,0,0
05/19/2017,503.25,503.25,503.25,503.25,6,0,0
05/18/2017,497.25,497.25,497.25,497.25,0.5,0,0
05/17/2017,496.75,496.75,496.75,496.75,1,0,0
05/16/2017,495.75,495.75,495.75,495.75,1,0,0
05/15/2017,494.75,494.75,494.75,494.75,2,0,0
05/12/2017,492.75,492.75,492.75,492.75,-3.25,0,0
05/11/2017,496,496,496,496,2,0,0
05/10/2017,494,494,494,494,5.5,0,0
05/09/2017,488.5,488.5,488.5,488.5,1.5,0,0
05/08/2017,487,487,487,487,-3.5,0,0
05/05/2017,490.5,490.5,490.5,490.5,9,0,0
05/04/2017,481.5,481.5,481.5,481.5,-5.5,0,0
05/03/2017,487,487,487,487,-3.5,0,0
05/02/2017,490.5,490.5,490.5,490.5,-1.25,0,0
05/01/2017,491.75,491.75,491.75,491.75,-4.5,0,0
04/28/2017,496.25,496.25,496.25,496.25,3,0,0
04/27/2017,493.25,493.25,493.25,493.25,-10.5,0,0
04/26/2017,503.75,503.75,503.75,503.75,3.25,0,0
04/25/2017,500.5,500.5,500.5,500.5,-1.25,0,0
04/24/2017,501.75,501.75,501.75,501.75,-0.75,0,0
04/21/2017,502.5,502.5,502.5,502.5,-5.75,0,0
04/20/2017,508.25,508.25,508.25,508.25,-8,0,0
04/19/2017,516.25,516.25,516.25,516.25,-2.5,0,0
04/18/2017,518.75,518.75,518.75,518.75,-4.25,0,0
04/17/2017,523,523,523,523,0.75,0,0
04/13/2017,522.25,522.25,522.25,522.25,-0.25,0,0
04/12/2017,522.5,522.5,522.5,522.5,4.5,0,0
04/11/2017,518,518,518,518,-0.25,0,0
04/10/2017,518.25,518.25,513,518.25,5.25,0,0
04/07/2017,513,513,513,513,2,0,0
04/06/2017,511,511,511,511,1.5,0,0
04/05/2017,509.5,509.5,509.5,509.5,-0.5,0,0
04/04/2017,510,510,510,510,6,0,0
04/03/2017,504,504,503.5,504,0.5,0,0
03/31/2017,503.5,503.5,503.5,503.5,1,0,0
03/30/2017,502.5,502.5,502.5,502.5,6,0,0
03/29/2017,496.5,496.5,496.5,496.5,-0.25,0,0
03/28/2017,496.75,496.75,496.75,496.75,3.25,0,0
03/27/2017,493.5,493.5,493.5,493.5,3.75,0,0
03/24/2017,489.75,489.75,489.75,489.75,-1.25,0,0
03/23/2017,491,491,491,491,0,0,0
03/22/2017,491,491,491,491,-0.75,0,0
03/21/2017,491.75,491.75,491.75,491.75,-3.25,0,0
03/20/2017,495,495,495,495,2.5,0,0
03/17/2017,492.5,492.5,492.5,492.5,-1.5,0,0
03/16/2017,494,494,494,494,-0.5,0,0
03/15/2017,494.5,494.5,494.5,494.5,1.75,0,0
03/14/2017,492.75,492.75,492.75,492.75,-3.5,0,0
03/13/2017,496.25,496.25,496.25,496.25,-0.25,0,0
03/10/2017,496.5,496.5,496.5,496.5,-0.5,0,0
03/09/2017,497,497,497,497,-17.25,0,0
03/08/2017,514.25,514.25,514.25,514.25,-5.25,0,0
03/07/2017,519.5,519.5,519.5,519.5,0.5,0,0
03/06/2017,519,519,519,519,1.75,0,0
03/03/2017,517.25,517.25,517.25,517.25,1.5,0,0
03/02/2017,515.75,515.75,515.75,515.75,-7.75,0,0
03/01/2017,523.5,523.5,523.5,523.5,6.5,0,0
02/28/2017,517,517,517,517,-2.75,0,0
02/27/2017,519.75,519.75,519.75,519.75,2.75,0,0
02/24/2017,517,517,517,517,-1.5,0,0
02/23/2017,518.5,518.5,518.5,518.5,4.25,0,0
02/22/2017,514.25,514.25,514.25,514.25,-7.25,0,0
02/21/2017,521.5,521.5,521.5,521.5,-4.25,0,0
02/20/2017,525.75,525.75,525.75,525.75,4.5,0,0
02/17/2017,521.25,521.25,521.25,521.25,-0.75,0,0
02/16/2017,522,522,522,522,-2.25,0,0
02/15/2017,524.25,524.25,524.25,524.25,-4,0,0
02/14/2017,528.25,528.25,528.25,528.25,4,0,0
02/13/2017,524.25,524.25,524.25,524.25,-9.25,0,0
02/10/2017,533.5,533.5,533.5,533.5,4,0,0
02/09/2017,529.5,529.5,529.5,529.5,1.5,0,0
02/08/2017,528,528,528,528,2.75,0,0
02/07/2017,525.25,525.25,525.25,525.25,-7.75,0,0
02/06/2017,533,533,533,533,-1.5,0,0
02/03/2017,534.5,534.5,534.5,534.5,-2.25,0,0
02/02/2017,536.75,536.75,536.75,536.75,0.75,0,0
02/01/2017,536,536,536,536,2.5,0,0
01/31/2017,533.5,533.5,533.5,533.5,7.25,0,0
01/30/2017,526.25,526.25,526.25,526.25,-4,0,0
01/27/2017,530.25,530.25,530.25,530.25,-7.5,0,0
01/26/2017,537.75,537.75,537.75,537.75,0.75,0,0
01/25/2017,537,537,536.75,537,-0.5,0,0
01/24/2017,537.5,537.5,537.5,537.5,1.25,0,0
01/23/2017,536.25,536.25,536.25,536.25,-2.5,0,0
01/20/2017,538.75,538.75,538.75,538.75,8.25,0,0
01/19/2017,530.5,530.5,530.5,530.5,-3,0,0
01/18/2017,533.5,533.5,533.5,533.5,-2.5,0,0
01/17/2017,536,536,536,536,3.5,0,0
01/16/2017,532.5,532.5,532.5,532.5,-0.25,0,0
01/13/2017,532.75,532.75,532.75,532.75,-4,0,0
01/12/2017,536.75,536.75,536.75,536.75,2.25,0,0
01/11/2017,534.5,534.5,534.5,534.5,2.75,0,0
01/10/2017,531.75,531.75,531.75,531.75,-8.75,0,0
01/09/2017,540.5,540.5,540.5,540.5,-6.5,0,0
01/06/2017,547,547,547,547,5.25,0,0
01/05/2017,541.75,541.75,541.75,541.75,-1,0,0
01/04/2017,542.75,542.75,542.75,542.75,2.5,0,0
01/03/2017,540.25,540.25,540.25,540.25,-5.75,0,0
12/30/2016,546,546,546,546,-0.75,0,0
12/29/2016,546.75,546.75,546.75,546.75,4.75,0,0
12/28/2016,542,542,542,542,-2.75,0,0
12/27/2016,544.75,544.75,544.75,544.75,11,0,0
12/23/2016,533.75,533.75,533.75,533.75,-3.25,0,0
12/22/2016,537,537,537,537,-0.5,0,0
12/21/2016,537.5,537.5,537.5,537.5,-0.5,0,0
12/20/2016,538,538,538,538,5,0,0
12/19/2016,533,533,533,533,-4.5,0,0
12/16/2016,537.5,537.5,537.5,537.5,9,0,0
12/15/2016,528.5,528.5,528.5,528.5,-10,0,0
12/14/2016,538.5,538.5,538.5,538.5,2.25,0,0
12/13/2016,536.25,536.25,536.25,536.25,-6.75,0,0
12/12/2016,543,543,543,543,0.75,0,0
12/09/2016,542.25,542.25,542.25,542.25,4.75,0,0
12/08/2016,537.5,537.5,537.5,537.5,-3.75,0,0
12/07/2016,541.25,541.25,541.25,541.25,-0.5,0,0
12/06/2016,541.75,541.75,541.75,541.75,-1.75,0,0
12/05/2016,543.5,543.5,543.5,543.5,3.25,0,0
12/02/2016,540.25,540.25,540.25,540.25,5.25,0,0
12/01/2016,535,535,535,535,3.75,0,0
11/30/2016,531.25,531.25,531.25,531.25,12.25,0,0
11/29/2016,519,519,519,519,-11.75,0,0
11/28/2016,530.75,530.75,530.75,530.75,5.75,0,0
11/25/2016,525,525,525,525,-10.75,0,0
11/24/2016,535.75,535.75,535.75,535.75,1.5,0,0
11/23/2016,534.25,534.25,534.25,534.25,-1.75,0,0
11/22/2016,536,536,536,536,-1.5,0,0
11/21/2016,537.5,537.5,537.5,537.5,17.5,0,0
11/18/2016,520,520,520,520,0.75,0,0
11/17/2016,519.25,519.25,519.25,519.25,-1.25,0,0
11/16/2016,520.5,520.5,520.5,520.5,0.5,0,0
11/15/2016,520,520,520,520,8.75,0,0
11/14/2016,511.25,511.25,511.25,511.25,-4.5,0,0
11/11/2016,515.75,515.75,515.75,515.75,-9,0,0
11/10/2016,524.75,524.75,524.75,524.75,0.25,0,0
11/09/2016,524.5,524.5,524.5,524.5,3.75,0,0
11/08/2016,520.75,520.75,520.75,520.75,0,0,0
11/07/2016,520.75,520.75,520.75,520.75,-1.25,0,0
11/04/2016,522,522,522,522,-1,0,0
11/03/2016,523,523,523,523,-3.25,0,0
11/02/2016,526.25,526.25,526.25,526.25,-7,0,0
11/01/2016,533.25,533.25,533.25,533.25,-2.25,0,0
10/31/2016,535.5,535.5,535.5,535.5,-11.25,0,0
10/28/2016,546.75,546.75,546.75,546.75,0.25,0,0
10/27/2016,546.5,546.5,546.5,546.5,1.75,0,0
10/26/2016,544.75,544.75,544.75,544.75,0.5,0,0
10/25/2016,544.25,544.25,544.25,544.25,0.75,0,0
10/24/2016,543.5,543.5,543.5,543.5,0,0,0
10/21/2016,543.5,543.5,543.5,543.5,3,0,0
10/20/2016,540.5,540.5,540.5,540.5,-8.75,0,0
10/19/2016,549.25,549.25,549.25,549.25,10,0,0
10/18/2016,539.25,539.25,539.25,539.25,3.75,0,0
10/17/2016,535.5,535.5,535.5,535.5,-1.5,0,0
10/14/2016,537,537,537,537,-2.75,0,0
10/13/2016,539.75,539.75,539.75,539.75,1,0,0
10/12/2016,538.75,538.75,538.75,538.75,-4.25,0,0
10/11/2016,543,543,543,543,-3.75,0,0
10/10/2016,546.75,546.75,546.75,546.75,4.75,0,0
10/07/2016,542,542,542,542,0,0,0
10/06/2016,542,542,542,542,2.75,0,0
10/05/2016,539.25,539.25,539.25,539.25,4.75,0,0
10/04/2016,534.5,534.5,534.5,534.5,5.75,0,0
10/03/2016,528.75,528.75,528.75,528.75,2,0,0
09/30/2016,526.75,526.75,526.75,526.75,2.25,0,0
09/29/2016,524.5,524.5,524.5,524.5,18.25,0,0
09/28/2016,506.25,506.25,506.25,506.25,5.75,0,0
09/27/2016,500.5,500.5,500.5,500.5,-13,0,0
09/26/2016,513.5,513.5,513.5,513.5,1.25,0,0
09/23/2016,512.25,512.25,512.25,512.25,-1.75,0,0
09/22/2016,514,514,514,514,6.25,0,0
09/21/2016,507.75,507.75,507.75,507.75,1.25,0,0
09/20/2016,506.5,506.5,506.5,506.5,-4,0,0
09/19/2016,510.5,510.5,510.5,510.5,5,0,0
09/16/2016,505.5,505.5,505.5,505.5,-5.25,0,0
09/15/2016,510.75,510.75,510.75,510.75,2.5,0,0
09/14/2016,508.25,508.25,508.25,508.25,-6.25,0,0
09/13/2016,514.5,514.5,514.5,514.5,-8,0,0
09/12/2016,522.5,522.5,522.5,522.5,-1.5,0,0
09/09/2016,524,524,524,524,-4.75,0,0
09/08/2016,528.75,528.75,528.75,528.75,15.75,0,0
09/07/2016,513,513,513,513,4.25,0,0
09/06/2016,508.75,508.75,508.75,508.75,-4.75,0,0
09/05/2016,513.5,513.5,513.5,513.5,3,0,0
09/02/2016,510.5,510.5,510.5,510.5,5.5,0,0
09/01/2016,505,505,505,505,-9.5,0,0
08/31/2016,514.5,514.5,514.5,514.5,-10,0,0
08/30/2016,524.5,524.5,524.5,524.5,-4.5,0,0
08/29/2016,529,529,529,529,-5.75,0,0
08/26/2016,534.75,534.75,534.75,534.75,2.75,0,0
08/25/2016,532,532,532,532,3.25,0,0
08/24/2016,528.75,528.75,528.75,528.75,-7.5,0,0
08/23/2016,536.25,536.25,536.25,536.25,5.5,0,0
08/22/2016,530.75,530.75,530.75,530.75,-6,0,0
08/19/2016,536.75,536.75,536.75,536.75,-1,0,0
08/18/2016,537.75,537.75,537.75,537.75,11.25,0,0
08/17/2016,526.5,526.5,526.5,526.5,1.25,0,0
08/16/2016,525.25,525.25,525.25,525.25,4.75,0,0
08/15/2016,520.5,520.5,520.5,520.5,8.25,0,0
08/12/2016,512.25,512.25,512.25,512.25,3.5,0,0
08/11/2016,508.75,508.75,508.75,508.75,10.75,0,0
08/10/2016,498,498,498,498,-2,0,0
08/09/2016,500,500,500,500,1.75,0,0
08/08/2016,498.25,498.25,498.25,498.25,10.75,0,0
08/05/2016,487.5,487.5,487.5,487.5,-1,0,0
08/04/2016,488.5,488.5,488.5,488.5,-2.25,0,0
08/03/2016,490.75,490.75,490.75,490.75,5.5,0,0
08/02/2016,485.25,485.25,485.25,485.25,-3,0,0
08/01/2016,488.25,488.25,488.25,488.25,-9,0,0
07/29/2016,497.25,497.25,497.25,497.25,-2.5,0,0
07/28/2016,499.75,499.75,499.75,499.75,-7.25,0,0
07/27/2016,507,507,507,507,-4.5,0,0
07/26/2016,511.5,511.5,511.5,511.5,-0.25,0,0
07/25/2016,511.75,511.75,511.75,511.75,-3,0,0
07/22/2016,514.75,514.75,514.75,514.75,-8.5,0,0
07/21/2016,523.25,523.25,523.25,523.25,-5.5,0,0
07/20/2016,528.75,528.75,528.75,528.75,2.75,0,0
07/19/2016,526,526,526,526,7,0,0
07/18/2016,519,519,519,519,-5.5,0,0
07/15/2016,524.5,524.5,524.5,524.5,-1.25,0,0
07/14/2016,525.75,525.75,525.75,525.75,5.25,0,0
07/13/2016,520.5,520.5,520.5,520.5,-11.75,0,0
07/12/2016,532.25,532.25,532.25,532.25,3.5,0,0
07/11/2016,528.75,528.75,528.75,528.75,-0.5,0,0
07/08/2016,529.25,529.25,529.25,529.25,-1,0,0
07/07/2016,530.25,530.25,530.25,530.25,-0.5,0,0
07/06/2016,530.75,530.75,530.75,530.75,3.5,0,0
07/05/2016,527.25,527.25,527.25,527.25,-10.5,0,0
07/04/2016,537.75,537.75,537.75,537.75,1.5,0,0
07/01/2016,536.25,536.25,536.25,536.25,2,0,0
06/30/2016,534.25,534.25,534.25,534.25,-3.75,0,0
06/29/2016,538,538,538,538,15,0,0
06/28/2016,523,523,523,523,10,0,0
06/27/2016,513,513,513,513,-6.5,0,0
06/24/2016,519.5,519.5,519.5,519.5,-11.5,0,0
06/23/2016,531,531,531,531,1.25,0,0
06/22/2016,529.75,529.75,527.75,529.75,2,0,0
06/21/2016,527.75,527.75,527.75,527.75,-2.5,0,0
06/20/2016,530.25,530.25,530.25,530.25,13,0,0
06/17/2016,517.25,517.25,517.25,517.25,4.75,0,0
06/16/2016,512.5,512.5,512.5,512.5,-11.5,0,0
06/15/2016,524,524,524,524,-2,0,0
06/14/2016,526,526,526,526,-5,0,0
06/13/2016,531,531,531,531,0.5,0,0
06/10/2016,530.5,530.5,530.5,530.5,-4.75,0,0
06/09/2016,535.25,535.25,535.25,535.25,-2.25,0,0
06/08/2016,537.5,537.5,537.5,537.5,0.5,0,0
06/07/2016,537,537,537,537,5.25,0,0
06/06/2016,531.75,531.75,531.75,531.75,3,0,0
06/03/2016,528.75,529,528.75,528.75,-5.75,0,0
06/02/2016,534.5,534.5,534.5,534.5,2,0,0
06/01/2016,532.5,532.5,532.5,532.5,-5.75,0,0
05/31/2016,538.25,538.25,538.25,538.25,1.25,0,0
05/30/2016,537,537,537,537,3,0,0
05/27/2016,534,534,534,534,-0.25,0,0
05/26/2016,534.25,534.25,534.25,534.25,1,0,0
05/25/2016,533.25,533.25,533.25,533.25,1.25,0,0
05/24/2016,532,532,532,532,4.5,0,0
05/23/2016,527.5,527.5,527.5,527.5,0,0,0
05/20/2016,527.5,527.5,527.5,527.5,6.25,0,0
05/19/2016,521.25,521.25,521.25,521.25,-7.25,0,0
05/18/2016,528.5,528.5,528.5,528.5,3.5,0,0
05/17/2016,525,525,525,525,4,0,0
05/16/2016,521,521,521,521,1.5,0,0
05/13/2016,519.5,519.5,519.5,519.5,2,0,0
05/12/2016,517.5,517.5,517.5,517.5,-3.5,0,0
05/11/2016,521,521,521,521,5.25,0,0
05/10/2016,515.75,515.75,515.75,515.75,5.75,0,0
05/09/2016,510,510,510,510,-8.5,0,0
05/06/2016,518.5,518.5,518.5,518.5,3.25,0,0
05/05/2016,515.25,515.25,515.25,515.25,6.5,0,0
05/04/2016,508.75,508.75,508.75,508.75,-0.25,0,0
05/03/2016,509,509,509,509,-8.5,0,0
05/02/2016,517.5,517.5,517.5,517.5,-1,0,0
04/29/2016,518.5,518.5,518.5,518.5,-0.25,0,0
04/28/2016,518.75,518.75,518.75,518.75,9.5,0,0
04/27/2016,509.25,509.25,509.25,509.25,-0.5,0,0
04/26/2016,509.75,509.75,509.75,509.75,4.5,0,0
04/25/2016,505.25,505.25,505.25,505.25,0.5,0,0
04/22/2016,504.75,504.75,504.75,504.75,5,0,0
04/21/2016,499.75,499.75,499.75,499.75,5.75,0,0
04/20/2016,494,494,494,494,4.5,0,0
04/19/2016,489.5,489.5,489.5,489.5,9.25,0,0
04/18/2016,480.25,480.25,480.25,480.25,-2.75,0,0
04/15/2016,483,483,483,483,-11.25,0,0
04/14/2016,494.25,494.25,494.25,494.25,-1,0,0
04/13/2016,495.25,495.25,495.25,495.25,-1.5,0,0
04/12/2016,496.75,496.75,496.75,496.75,5,0,0
04/11/2016,491.75,491.75,491.75,491.75,6.25,0,0
04/08/2016,485.5,485.5,485.5,485.5,16.75,0,0
04/07/2016,468.75,468.75,468.75,468.75,-4.75,0,0
04/06/2016,473.5,473.5,473.5,473.5,4.75,0,0
04/05/2016,468.75,468.75,468.75,468.75,-6.75,0,0
04/04/2016,475.5,475.5,475.5,475.5,-5,0,0
04/01/2016,480.5,480.5,480.5,480.5,-14.5,0,0
03/31/2016,495,495,495,495,4.25,0,0
03/30/2016,490.75,490.75,490.75,490.75,9.25,0,0
03/29/2016,481.5,481.5,481.5,481.5,-6.5,0,0
03/28/2016,488,488,488,488,-2.5,0,0
03/24/2016,490.5,490.5,490.5,490.5,-3,0,0
03/23/2016,493.5,493.5,493.5,493.5,-3.75,0,0
03/22/2016,497.25,497.25,497.25,497.25,4,0,0
03/21/2016,493.25,493.25,493.25,493.25,2.25,0,0
03/18/2016,491,491,491,491,-2,0,0
03/17/2016,493,493,493,493,5,0,0
03/16/2016,488,488,488,488,7.75,0,0
03/15/2016,480.25,480.25,480.25,480.25,-3.75,0,0
03/14/2016,484,484,484,484,-5,0,0
03/11/2016,489,489,489,489,5.25,0,0
03/10/2016,483.75,483.75,483.75,483.75,-5.5,0,0
03/09/2016,489.25,489.25,489.25,489.25,2.5,0,0
03/08/2016,486.75,486.75,486.75,486.75,4,0,0
03/07/2016,482.75,482.75,482.75,482.75,8.25,0,0
03/04/2016,474.5,474.5,474.5,474.5,3,0,0
03/03/2016,471.5,471.5,471.5,471.5,-5,0,0
03/02/2016,476.5,476.5,476.5,476.5,0.25,0,0
03/01/2016,476.25,476.25,476.25,476.25,-0.5,0,0
02/29/2016,476.75,476.75,476.75,476.75,-1.75,0,0
02/26/2016,478.5,478.5,478.5,478.5,12.25,0,0
02/25/2016,466.25,466.25,466.25,466.25,1.25,0,0
02/24/2016,465,465,465,465,-1.75,0,0
02/23/2016,466.75,466.75,466.75,466.75,-11.75,0,0
02/22/2016,478.5,478.5,478.5,478.5,8.75,0,0
02/19/2016,469.75,469.75,469.75,469.75,-8,0,0
02/18/2016,477.75,477.75,477.75,477.75,-1.75,0,0
02/17/2016,479.5,479.5,479.5,479.5,15.5,0,0
02/16/2016,464,464,464,464,-10,0,0
02/15/2016,474,474,474,474,3,0,0
02/12/2016,471,471,471,471,17.75,0,0
02/11/2016,453.25,453.25,453.25,453.25,1.25,0,0
02/10/2016,452,452,452,452,-10,0,0
02/09/2016,462,462,462,462,-9.75,0,0
02/08/2016,471.75,471.75,471.75,471.75,-6.25,0,0
02/05/2016,478,478,478,478,2.25,0,0
02/04/2016,475.75,475.75,475.75,475.75,6,0,0
02/03/2016,469.75,469.75,469.75,469.75,2.75,0,0
02/02/2016,467,467,467,467,-7.75,0,0
02/01/2016,474.75,474.75,474.75,474.75,2.5,0,0
01/29/2016,472.25,472.25,472.25,472.25,3.25,0,0
01/28/2016,469,469,469,469,8.75,0,0
01/27/2016,460.25,460.25,460.25,460.25,7.25,0,0
01/26/2016,453,453,453,453,6,0,0
01/25/2016,447,447,447,447,0.25,0,0
01/22/2016,446.75,446.75,446.75,446.75,18.25,0,0
01/21/2016,428.5,428.5,428.5,428.5,7,0,0
01/20/2016,421.5,421.5,421.5,421.5,-17.5,0,0
01/19/2016,439,439,439,439,-4.75,0,0
01/18/2016,443.75,443.75,443.75,443.75,-9.25,0,0
01/15/2016,453,453,453,453,-6,0,0
01/14/2016,459,459,459,459,-4.25,0,0
01/13/2016,463.25,463.25,463.25,463.25,-9.5,0,0
01/12/2016,472.75,472.75,472.75,472.75,-9,0,0
01/11/2016,481.75,481.75,481.75,481.75,-6.75,0,0
01/08/2016,488.5,488.5,488.5,488.5,-14.75,0,0
01/07/2016,503.25,503.25,503.25,503.25,-0.25,0,0
01/06/2016,503.5,503.5,503.5,503.5,-9.75,0,0
01/05/2016,513.25,513.25,513.25,513.25,-2.75,0,0
01/04/2016,516,516,516,516,2.25,0,0
12/31/2015,513.75,513.75,513.75,513.75,-2.5,0,0
12/30/2015,516.25,516.25,516.25,516.25,-5.25,0,0
12/29/2015,521.5,521.5,521.5,521.5,3.75,0,0
12/28/2015,517.75,517.75,517.75,517.75,-4,0,0
12/24/2015,521.75,521.75,521.75,521.75,5,0,0
12/23/2015,516.75,516.75,516.75,516.75,-1.75,0,0
12/22/2015,518.5,518.5,518.5,518.5,2.25,0,0
12/21/2015,516.25,516.25,516.25,516.25,-10.75,0,0
12/18/2015,527,527,527,527,3,0,0
12/17/2015,524,524,524,524,-1.25,0,0
12/16/2015,525.25,525.25,525.25,525.25,-7,0,0
12/15/2015,532.25,532.25,532.25,532.25,3,0,0
12/14/2015,529.25,529.25,529.25,529.25,-5.25,0,0
12/11/2015,534.5,534.5,534.5,534.5,-3.75,0,0
12/10/2015,538.25,538.25,538.25,538.25,-1.75,0,0
12/09/2015,540,540,540,540,-3.75,0,0
12/08/2015,543.75,543.75,543.75,543.75,-0.75,0,0
12/07/2015,544.5,544.5,544.5,544.5,-9.5,0,0
12/04/2015,554,554,554,554,0.5,0,0
12/03/2015,553.5,553.5,553.5,553.5,2,0,0
12/02/2015,551.5,551.5,551.5,551.5,0,0,0
12/01/2015,551.5,551.5,551.5,551.5,-9,0,0
11/30/2015,560.5,560.5,560.5,560.5,-0.75,0,0
11/27/2015,561.25,561.25,561.25,561.25,-2.75,0,0
11/26/2015,564,564,564,564,-2.25,0,0
11/25/2015,566.25,566.25,566.25,566.25,-2.5,0,0
11/24/2015,568.75,568.75,568.75,568.75,5.25,0,0
11/23/2015,563.5,563.5,563.5,563.5,6.25,0,0
11/20/2015,557.25,557.25,557.25,557.25,-3,0,0
11/19/2015,560.25,560.25,560.25,560.25,-1,0,0
11/18/2015,561.25,561.25,561.25,561.25,-2.75,0,0
11/17/2015,564,564,564,564,3,0,0
11/16/2015,561,561,561,561,-5.25,0,0
11/13/2015,566.25,566.25,566.25,566.25,0.25,0,0
11/12/2015,566,566,566,566,-6.25,0,0
11/11/2015,572.25,572.25,572.25,572.25,-7.75,0,0
11/10/2015,580,580,580,580,1.5,0,0
11/09/2015,578.5,578.5,578.5,578.5,-1.75,0,0
11/06/2015,580.25,580.25,580.25,580.25,-4.75,0,0
11/05/2015,585,585,585,585,-0.5,0,0
11/04/2015,585.5,585.5,585.5,585.5,-7,0,0
11/03/2015,592.5,592.5,592.5,592.5,6,0,0
11/02/2015,586.5,586.5,586.5,586.5,-1.5,0,0
10/30/2015,588,588,588,588,1,0,0
10/29/2015,587,587,587,587,-1.5,0,0
10/28/2015,588.5,588.5,588.5,588.5,13.25,0,0
10/27/2015,575.25,575.25,575.25,575.25,-7.75,0,0
10/26/2015,583,583,583,583,0.5,0,0
10/23/2015,582.5,582.5,582.5,582.5,1.25,0,0
10/22/2015,581.25,581.25,581.25,581.25,-1,0,0
10/21/2015,582.25,582.25,582.25,582.25,0.25,0,0
10/20/2015,582,582,582,582,0.25,0,0
10/19/2015,581.75,581.75,581.75,581.75,-6,0,0
10/16/2015,587.75,587.75,587.75,587.75,5.5,0,0
10/15/2015,582.25,582.25,582.25,582.25,-3.75,0,0
10/14/2015,586,586,586,586,-4.75,0,0
10/13/2015,590.75,590.75,590.75,590.75,-6.75,0,0
10/12/2015,597.5,597.5,597.5,597.5,-2.5,0,0
10/09/2015,600,600,600,600,-2.5,0,0
10/08/2015,602.5,602.5,602.5,602.5,2.25,0,0
10/07/2015,600.25,600.25,600.25,600.25,0.75,0,0
10/06/2015,599.5,599.5,599.5,599.5,9,0,0
10/05/2015,590.5,590.5,590.5,590.5,17.25,0,0
10/02/2015,573.25,573.25,573.25,573.25,-10.75,0,0
10/01/2015,584,584,584,584,-0.5,0,0
09/30/2015,584.5,584.5,584.5,584.5,-0.25,0,0
09/29/2015,584.75,584.75,584.75,584.75,4,0,0
09/28/2015,580.75,580.75,580.75,580.75,-7,0,0
09/25/2015,587.75,587.75,587.75,587.75,-0.25,0,0
09/24/2015,588,588,588,588,-6.5,0,0
09/23/2015,594.5,594.5,594.5,594.5,5.75,0,0
09/22/2015,588.75,588.75,588.75,588.75,-2.25,0,0
09/21/2015,591,591,591,591,6.25,0,0
09/18/2015,584.75,584.75,584.75,584.75,-5.75,0,0
09/17/2015,590.5,590.5,590.5,590.5,-7.75,0,0
09/16/2015,598.25,598.25,598.25,598.25,12.75,0,0
09/15/2015,585.5,585.5,585.5,585.5,-2.75,0,0
09/14/2015,588.25,588.25,588.25,588.25,-7.75,0,0
09/11/2015,596,596,596,596,-0.5,0,0
09/10/2015,596.5,596.5,596.25,596.5,0,0,0
09/09/2015,596.5,596.5,596.5,596.5,-3.75,0,0
09/08/2015,600.25,600.25,600.25,600.25,11.5,0,0
09/07/2015,588.75,588.75,588.75,588.75,-11.5,0,0
09/04/2015,600.25,600.25,600.25,600.25,-12,0,0
09/03/2015,612.25,612.25,612.25,612.25,16.75,0,0
09/02/2015,595.5,595.5,595.5,595.5,-11.25,0,0
09/01/2015,606.75,606.75,606.75,606.75,-5.75,0,0
08/31/2015,612.5,612.5,612.5,612.5,4.5,0,0
08/28/2015,608,608,608,608,27.75,0,0
08/27/2015,580.25,580.25,580.25,580.25,14.5,0,0
08/26/2015,565.75,565.75,565.75,565.75,-0.75,0,0
08/25/2015,566.5,566.5,566.5,566.5,2,0,0
08/24/2015,564.5,564.5,564.5,564.5,-12.75,0,0
08/21/2015,577.25,577.25,577.25,577.25,-17.5,0,0
08/20/2015,594.75,594.75,594.75,594.75,-1.5,0,0
08/19/2015,596.25,596.25,596.25,596.25,-9.25,0,0
08/18/2015,605.5,605.5,605.5,605.5,-3.75,0,0
08/17/2015,609.25,609.25,609.25,609.25,1.75,0,0
08/14/2015,607.5,607.5,607.5,607.5,-0.5,0,0
08/13/2015,608,608,608,608,0.75,0,0
08/12/2015,607.25,607.25,607.25,607.25,4,0,0
08/11/2015,603.25,603.25,603.25,603.25,-5.75,0,0
08/10/2015,609,609,609,609,4,0,0
08/07/2015,605,605,605,605,1.5,0,0
08/06/2015,603.5,603.5,603.5,603.5,-6.25,0,0
08/05/2015,609.75,609.75,609.75,609.75,-0.75,0,0
08/04/2015,610.5,610.5,610.5,610.5,-0.75,0,0
08/03/2015,611.25,611.25,611.25,611.25,-13.75,0,0
07/31/2015,625,625,625,625,-4.5,0,0
07/30/2015,629.5,629.5,629.5,629.5,-2.75,0,0
07/29/2015,632.25,632.25,632.25,632.25,1.75,0,0
07/28/2015,630.5,630.5,630.5,630.5,3.75,0,0
07/27/2015,626.75,626.75,626.75,626.75,-3,0,0
07/24/2015,629.75,629.75,629.75,629.75,-9.25,0,0
07/23/2015,639,639,639,639,-4,0,0
07/22/2015,643,643,643,643,2.25,0,0
07/21/2015,640.75,640.75,640.75,640.75,3.75,0,0
07/20/2015,637,637,637,637,-1.75,0,0
07/17/2015,638.75,638.75,638.75,638.75,-7.25,0,0
07/16/2015,646,646,646,646,-1.5,0,0
07/15/2015,647.5,647.5,647.5,647.5,-3.25,0,0
07/14/2015,650.75,650.75,650.75,650.75,-3.5,0,0
07/13/2015,654.25,654.25,654.25,654.25,5.75,0,0
07/10/2015,648.5,648.5,648.5,648.5,0,0,0
07/09/2015,648.5,648.5,648.5,648.5,10.75,0,0
07/08/2015,637.75,637.75,637.75,637.75,6.25,0,0
07/07/2015,631.5,631.5,631.5,631.5,-15.5,0,0
07/06/2015,647,647,647,647,-14.25,0,0
07/03/2015,661.25,661.25,661.25,661.25,-14,0,0
07/02/2015,675.25,675.25,675.25,675.25,2.75,0,0
07/01/2015,672.5,672.5,672.5,672.5,-5,0,0
06/30/2015,677.5,677.5,677.5,677.5,4,0,0
06/29/2015,673.5,673.5,673.5,673.5,-5,0,0
06/26/2015,678.5,678.5,678.5,678.5,3,0,0
06/25/2015,675.5,675.5,675.5,675.5,-9,0,0
06/24/2015,684.5,684.5,684.5,684.5,-1.5,0,0
06/23/2015,686,686,686,686,8.25,0,0
06/22/2015,677.75,677.75,677.75,677.75,2.75,0,0
06/19/2015,675,675,675,675,-11.25,0,0
06/18/2015,686.25,686.25,686.25,686.25,2.75,0,0
06/17/2015,683.5,683.5,683.5,683.5,4,0,0
06/16/2015,679.5,679.5,679.5,679.5,0.75,0,0
06/15/2015,678.75,678.75,678.75,678.75,-3,0,0
06/12/2015,681.75,681.75,681.75,681.75,-4.5,0,0
06/11/2015,686.25,686.25,686.25,686.25,-2,0,0
06/10/2015,688.25,688.25,688.25,688.25,2.25,0,0
06/09/2015,686,686,686,686,10.25,0,0
06/08/2015,675.75,675.75,675.75,675.75,4.25,0,0
06/05/2015,671.5,671.5,671.5,671.5,0.5,0,0
06/04/2015,671,671,671,671,-9.5,0,0
06/03/2015,680.5,680.5,680.5,680.5,-4.5,0,0
06/02/2015,685,685,685,685,4.5,0,0
06/01/2015,680.5,680.5,680.5,680.5,-1,0,0
05/29/2015,681.5,681.5,681.5,681.5,11.25,0,0
05/28/2015,670.25,670.25,670.25,670.25,-1.75,0,0
05/27/2015,672,672,672,672,-3.25,0,0
05/26/2015,675.25,675.25,675.25,675.25,-12.25,0,0
05/25/2015,687.5,687.5,687.5,687.5,5,0,0
05/22/2015,682.5,682.5,682.5,682.5,-6.25,0,0
05/21/2015,688.75,688.75,688.75,688.75,7.5,0,0
05/20/2015,681.25,681.25,681.25,681.25,-1.75,0,0
05/19/2015,683,683,683,683,-7.75,0,0
05/18/2015,690.75,690.75,690.75,690.75,-0.75,0,0
05/15/2015,691.5,691.5,691.5,691.5,-3,0,0
05/14/2015,694.5,694.5,694.5,694.5,0.25,0,0
05/13/2015,694.25,694.25,694.25,694.25,1.75,0,0
05/12/2015,692.5,692.5,692.5,692.5,10,0,0
05/11/2015,682.5,682.5,682.5,682.5,-4.25,0,0
05/08/2015,686.75,686.75,686.5,686.75,-1.75,0,0
05/07/2015,688.5,688.5,688.5,688.5,-7.75,0,0
05/06/2015,696.25,696.25,696.25,696.25,-1,0,0
05/05/2015,697.25,697.25,697.25,697.25,8,0,0
05/04/2015,689.25,689.25,689.25,689.25,4.5,0,0
05/01/2015,684.75,684.75,684.75,684.75,-2.5,0,0
04/30/2015,687.25,687.25,687.25,687.25,-1.5,0,0
04/29/2015,688.75,688.75,688.75,688.75,6,0,0
04/28/2015,682.75,682.75,682.75,682.75,-2.5,0,0
04/27/2015,685.25,685.25,685.25,685.25,-3,0,0
04/24/2015,688.25,688.25,688.25,688.25,0,0,0
04/23/2015,688.25,688.25,688.25,688.25,7.25,0,0
04/22/2015,681,681,681,681,3.25,0,0
04/21/2015,677.75,677.75,677.75,677.75,-0.5,0,0
04/20/2015,678.25,678.25,678.25,678.25,-3,0,0
04/17/2015,681.25,681.25,681.25,681.25,2.25,0,0
04/16/2015,679,679,679,679,6.75,0,0
04/15/2015,672.25,672.25,672.25,672.25,1.5,0,0
04/14/2015,670.75,670.75,670.75,670.75,1.5,0,0
04/13/2015,669.25,669.25,669.25,669.25,0,0,0
04/10/2015,669.25,669.25,669.25,669.25,5,0,0
04/09/2015,664.25,664.25,664.25,664.25,4,0,0
04/08/2015,660.25,660.25,660.25,660.25,-5.5,0,0
04/07/2015,665.75,665.75,665.75,665.75,-9.5,0,0
04/06/2015,675.25,675.25,675.25,675.25,13.25,0,0
04/02/2015,662,662,662,662,-12.75,0,0
04/01/2015,674.75,674.75,674.75,674.75,3.75,0,0
03/31/2015,671,671,671,671,5.25,0,0
03/30/2015,665.75,665.75,665.75,665.75,-8.75,0,0
03/27/2015,674.5,674.5,674.5,674.5,-6.5,0,0
03/26/2015,681,681,681,681,11,0,0
03/25/2015,670,670,670,670,-1.75,0,0
03/24/2015,671.75,671.75,671.75,671.75,-1.75,0,0
03/23/2015,673.5,673.5,673.5,673.5,4.5,0,0
03/20/2015,669,669,669,669,3.75,0,0
03/19/2015,665.25,665.25,665.25,665.25,-1,0,0
03/18/2015,666.25,666.25,666.25,666.25,7.5,0,0
03/17/2015,658.75,658.75,658.75,658.75,-0.75,0,0
03/16/2015,659.5,659.5,659.5,659.5,-4.25,0,0
03/13/2015,663.75,663.75,663.75,663.75,-9.5,0,0
03/12/2015,673.25,673.25,673.25,673.25,-0.75,0,0
03/11/2015,674,674,674,674,4.25,0,0
03/10/2015,669.75,669.75,669.75,669.75,-15,0,0
03/09/2015,684.75,684.75,684.75,684.75,-6.75,0,0
03/06/2015,691.5,691.5,691.5,691.5,-4.5,0,0
03/05/2015,696,696,696,696,3,0,0
03/04/2015,693,693,693,693,-14.5,0,0
03/03/2015,707.5,707.5,707.5,707.5,4.25,0,0
03/02/2015,703.25,703.25,703.25,703.25,-6.5,0,0
02/27/2015,709.75,709.75,709.75,709.75,7.25,0,0
02/26/2015,702.5,702.5,702.5,702.5,0.75,0,0
02/25/2015,701.75,701.75,701.75,701.75,-1.25,0,0
02/24/2015,703,703,702.75,703,3.25,0,0
02/23/2015,699.75,699.75,699.75,699.75,-0.25,0,0
02/20/2015,700,700,700,700,5,0,0
02/19/2015,695,695,695,695,-13.75,0,0
02/18/2015,708.75,708.75,708.75,708.75,1,0,0
02/17/2015,707.75,707.75,707.75,707.75,-1.5,0,0
02/16/2015,709.25,709.25,709.25,709.25,3,0,0
02/13/2015,706.25,706.25,706.25,706.25,3.25,0,0
02/12/2015,703,703,703,703,11.25,0,0
02/11/2015,691.75,691.75,691.75,691.75,-4.25,0,0
02/10/2015,696,696,696,696,-3.5,0,0
02/09/2015,699.5,699.5,699.5,699.5,6,0,0
02/06/2015,693.5,693.5,693.5,693.5,0,0,0
02/05/2015,693.5,693.5,693.5,693.5,16.75,0,0
02/04/2015,676.75,676.75,676.75,676.75,-0.25,0,0
02/03/2015,677,677,677,677,19,0,0
02/02/2015,658,658,658,658,21.5,0,0
01/30/2015,636.5,636.5,636.5,636.5,2.5,0,0
01/29/2015,634,634,634,634,-3,0,0
01/28/2015,637,637,637,637,1.75,0,0
01/27/2015,635.25,635.25,635.25,635.25,1.25,0,0
01/26/2015,634,634,634,634,-2.75,0,0
01/23/2015,636.75,636.75,636.75,636.75,5.75,0,0
01/22/2015,631,631,631,631,2.75,0,0
01/21/2015,628.25,628.25,628.25,628.25,-6.25,0,0
01/20/2015,634.5,634.5,634.5,634.5,1.25,0,0
01/19/2015,633.25,633.25,633.25,633.25,-1,0,0
01/16/2015,634.25,634.25,634.25,634.25,-1,0,0
01/15/2015,635.25,635.25,635.25,635.25,3,0,0
01/14/2015,632.25,632.25,632.25,632.25,0.75,0,0
01/13/2015,631.5,631.5,631.5,631.5,-3.75,0,0
01/12/2015,635.25,635.25,635.25,635.25,-2.25,0,0
01/09/2015,637.5,637.5,637.5,637.5,-0.5,0,0
01/08/2015,638,638,638,638,-3,0,0
01/07/2015,641,641,641,641,-13.5,0,0
01/06/2015,654.5,654.5,654.5,654.5,-6,0,0
01/05/2015,660.5,660.5,660.5,660.5,-22.75,0,0
01/02/2015,683.25,683.25,683.25,683.25,11.75,0,0
12/31/2014,671.5,671.5,671.5,671.5,-4,0,0
12/30/2014,675.5,675.5,675.5,675.5,-8.75,0,0
12/29/2014,684.25,684.25,684.25,684.25,-3.25,0,0
12/26/2014,687.5,687.5,687.5,687.5,0,0,0
12/24/2014,687.5,687.5,687.5,687.5,-4.25,0,0
12/23/2014,691.75,691.75,691.75,691.75,12.5,0,0
12/22/2014,679.25,679.25,679.25,679.25,4.25,0,0
12/19/2014,675,675,675,675,5.75,0,0
12/18/2014,669.25,669.25,669.25,669.25,-7.25,0,0
12/17/2014,676.5,676.5,676.5,676.5,-6.25,0,0
12/16/2014,682.75,682.75,682.75,682.75,-5.25,0,0
12/15/2014,688,688,688,688,-10.5,0,0
12/12/2014,698.5,698.5,698.5,698.5,-11.25,0,0
12/11/2014,709.75,709.75,709.75,709.75,-0.25,0,0
12/10/2014,710,710,710,710,-22.25,0,0
12/09/2014,732.25,732.25,732.25,732.25,-2,0,0
12/08/2014,734.25,734.25,734.25,734.25,-11.75,0,0
12/05/2014,746,746,746,746,-4,0,0
12/04/2014,750,750,750,750,-8,0,0
12/03/2014,758,758,758,758,-5.5,0,0
12/02/2014,763.5,763.5,763.5,763.5,3.25,0,0
12/01/2014,760.25,760.25,760.25,760.25,-10.75,0,0
11/28/2014,771,771,771,771,12.75,0,0
11/27/2014,758.25,758.25,758.25,758.25,-31.75,0,0
11/26/2014,790,790,790,790,4.5,0,0
11/25/2014,785.5,785.5,785.5,785.5,-11.25,0,0
11/24/2014,796.75,796.75,796.75,796.75,3.25,0,0
11/21/2014,793.5,793.5,793.5,793.5,9,0,0
11/20/2014,784.5,784.5,784.5,784.5,0.5,0,0
11/19/2014,784,784,784,784,19.5,0,0
11/18/2014,764.5,764.5,764.5,764.5,3,0,0
11/17/2014,761.5,761.5,761.5,761.5,0.5,0,0
11/14/2014,761,761,761,761,-2,0,0
11/13/2014,763,763,763,763,-11.25,0,0
11/12/2014,774.25,774.25,774.25,774.25,-1,0,0
11/11/2014,775.25,775.25,775.25,775.25,-4.75,0,0
11/10/2014,780,780,780,780,-1.75,0,0
11/07/2014,781.75,781.75,781.75,781.75,6,0,0
11/06/2014,775.75,775.75,775.75,775.75,-0.5,0,0
11/05/2014,776.25,776.25,776.25,776.25,-3.5,0,0
11/04/2014,779.75,779.75,779.75,779.75,-12,0,0
11/03/2014,791.75,791.75,791.75,791.75,4,0,0
10/31/2014,787.75,787.75,787.75,787.75,-5,0,0
10/30/2014,792.75,792.75,792.75,792.75,-4.5,0,0
10/29/2014,797.25,797.25,797.25,797.25,6.25,0,0
10/28/2014,791,791,791,791,3,0,0
10/27/2014,788,788,788,788,4.25,0,0
10/24/2014,783.75,784,783.75,783.75,0.5,0,0
10/23/2014,783.25,783.25,783.25,783.25,2.25,0,0
10/22/2014,781,781,781,781,3,0,0
10/21/2014,778,778,777.75,778,-8.5,0,0
10/20/2014,786.5,786.5,786.5,786.5,-1.5,0,0
10/17/2014,788,788,788,788,3.5,0,0
10/16/2014,784.5,784.5,784.5,784.5,-7,0,0
10/15/2014,791.5,791.5,791.5,791.5,-5.5,0,0
10/14/2014,797,797,797,797,-8.5,0,0
10/13/2014,805.5,805.5,805.5,805.5,5.25,0,0
10/10/2014,800.25,800.25,800.25,800.25,-6.75,0,0
10/09/2014,807,807,807,807,-0.75,0,0
10/08/2014,807.75,807.75,807.75,807.75,-2,0,0
10/07/2014,809.75,809.75,809.75,809.75,1.75,0,0
10/06/2014,808,808,808,808,1.75,0,0
10/03/2014,806.25,806.25,806.25,806.25,-2.75,0,0
10/02/2014,809,809,809,809,-14.5,0,0
10/01/2014,823.5,823.5,823.5,823.5,0.25,0,0
09/30/2014,823.25,823.25,823.25,823.25,-6.75,0,0
09/29/2014,830,830,830,830,-3,0,0
09/26/2014,833,833,833,833,-6,0,0
09/25/2014,839,839,839,839,2.25,0,0
09/24/2014,836.75,836.75,836.75,836.75,1.25,0,0
09/23/2014,835.5,835.5,835.5,835.5,0.5,0,0
09/22/2014,835,835,835,835,-1,0,0
09/19/2014,836,836,836,836,0,0,0
09/18/2014,836,836,836,836,-4.25,0,0
09/17/2014,840.25,840.25,840.25,840.25,2.75,0,0
09/16/2014,837.5,837.5,837.5,837.5,3,0,0
09/15/2014,834.5,834.5,834.5,834.5,2,0,0
09/12/2014,832.5,832.5,832.5,832.5,3.75,0,0
09/11/2014,828.75,828.75,828.75,828.75,7.5,0,0
09/10/2014,821.25,821.25,821.25,821.25,4.25,0,0
09/09/2014,817,817,817,817,3.5,0,0
09/08/2014,813.5,813.5,813.5,813.5,-0.25,0,0
09/05/2014,813.75,813.75,813.75,813.75,-4,0,0
09/04/2014,817.75,817.75,817.75,817.75,-4,0,0
09/03/2014,821.75,821.75,821.5,821.75,4.5,0,0
09/02/2014,817.25,817.25,817.25,817.25,-3.5,0,0
09/01/2014,820.75,820.75,820.75,820.75,-1.75,0,0
08/29/2014,822.5,822.5,822.5,822.5,-2.75,0,0
08/28/2014,825.25,825.25,825.25,825.25,-4.5,0,0
08/27/2014,829.75,829.75,829.75,829.75,-1,0,0
08/26/2014,830.75,830.75,830.75,830.75,-0.25,0,0
08/25/2014,831,831,831,831,2,0,0
08/22/2014,829,829,829,829,-2.25,0,0
08/21/2014,831.25,831.25,831.25,831.25,1.25,0,0
08/20/2014,830,830,830,830,-5.5,0,0
08/19/2014,835.5,835.5,835.5,835.5,1.5,0,0
08/18/2014,834,834.25,834,834,-2,0,0
08/15/2014,836,836,836,836,5.5,0,0
08/14/2014,830.5,830.5,830.5,830.5,-5,0,0
08/13/2014,835.5,835.5,835.5,835.5,-1,0,0
08/12/2014,836.5,836.5,836.5,836.5,-4,0,0
08/11/2014,840.5,840.5,840.5,840.5,2.25,0,0
08/08/2014,838.25,838.25,838.25,838.25,0,0,0
08/07/2014,838.25,838.25,838.25,838.25,5.5,0,0
08/06/2014,832.75,832.75,832.75,832.75,5.5,0,0
08/05/2014,827.25,827.25,827.25,827.25,-7.75,0,0
08/04/2014,835,835,835,835,4,0,0
08/01/2014,831,831,831,831,-3.25,0,0
07/31/2014,834.25,834.25,834.25,834.25,-2.25,0,0
07/30/2014,836.5,836.5,836.5,836.5,2.5,0,0
07/29/2014,834,834,834,834,2.75,0,0
07/28/2014,831.25,831.5,831,831.25,-2.5,0,0
07/25/2014,833.75,833.75,833.75,833.75,4.5,0,0
07/24/2014,829.25,829.25,829.25,829.25,-0.25,0,0
07/23/2014,829.5,829.5,829.25,829.5,1,0,0
07/22/2014,828.5,828.5,828.5,828.5,0.5,0,0
07/21/2014,828,828,828,828,-1,0,0
07/18/2014,829,829,829,829,-0.25,0,0
07/17/2014,829.25,829.25,829.25,829.25,-2.25,0,0
07/16/2014,831.5,831.5,831.5,831.5,-3.5,0,0
07/15/2014,835,835,835,835,1.75,0,0
07/14/2014,833.25,833.25,833.25,833.25,3,0,0
07/11/2014,830.25,830.25,830.25,830.25,-3.25,0,0
07/10/2014,833.5,833.5,833.5,833.5,4.5,0,0
07/09/2014,829,829,829,829,-0.5,0,0
07/08/2014,829.5,829.5,829.5,829.5,3.5,0,0
07/07/2014,826,826.25,826,826,0.5,0,0
07/04/2014,825.5,825.5,825.5,825.5,-4.5,0,0
07/03/2014,830,830,830,830,-0.5,0,0
07/02/2014,830.5,830.5,830.5,830.5,0.25,0,0
07/01/2014,830.25,830.25,830.25,830.25,0,0,0
06/30/2014,830.25,830.25,830.25,830.25,-0.5,0,0
06/27/2014,830.75,830.75,830.75,830.75,-1,0,0
06/26/2014,831.75,831.75,831.75,831.75,-2.75,0,0
06/25/2014,834.5,834.5,834.5,834.5,-5.75,0,0
06/24/2014,840.25,840.25,840.25,840.25,9,0,0
06/23/2014,831.25,831.25,831.25,831.25,-1.25,0,0
06/20/2014,832.5,832.5,832.5,832.5,-1.25,0,0
06/19/2014,833.75,833.75,833.75,833.75,7.75,0,0
06/18/2014,826,826,826,826,3.25,0,0
06/17/2014,822.75,822.75,822.75,822.75,8.5,0,0
06/16/2014,814.25,814.25,814.25,814.25,7.25,0,0
